-- phpMyAdmin SQL Dump
-- version 4.2.7.1
-- http://www.phpmyadmin.net
--
-- Host: 127.0.0.1
-- Generation Time: Jul 04, 2020 at 12:38 PM
-- Server version: 5.6.20
-- PHP Version: 5.5.15

SET SQL_MODE = "NO_AUTO_VALUE_ON_ZERO";
SET time_zone = "+00:00";


/*!40101 SET @OLD_CHARACTER_SET_CLIENT=@@CHARACTER_SET_CLIENT */;
/*!40101 SET @OLD_CHARACTER_SET_RESULTS=@@CHARACTER_SET_RESULTS */;
/*!40101 SET @OLD_COLLATION_CONNECTION=@@COLLATION_CONNECTION */;
/*!40101 SET NAMES utf8 */;

--
-- Database: `agricultureconsultancy`
--

-- --------------------------------------------------------

--
-- Table structure for table `admin_login`
--

CREATE TABLE IF NOT EXISTS `admin_login` (
`id` int(10) NOT NULL,
  `PhoneNo` varchar(13) NOT NULL,
  `password` varchar(13) CHARACTER SET utf16 NOT NULL
) ENGINE=InnoDB  DEFAULT CHARSET=latin1 AUTO_INCREMENT=2 ;

--
-- Dumping data for table `admin_login`
--

INSERT INTO `admin_login` (`id`, `PhoneNo`, `password`) VALUES
(1, '9574276406', 'admin');

-- --------------------------------------------------------

--
-- Table structure for table `amount`
--

CREATE TABLE IF NOT EXISTS `amount` (
`Amount_Id` int(3) unsigned zerofill NOT NULL,
  `amount` int(50) NOT NULL,
  `date` date NOT NULL,
  `status` int(1) NOT NULL,
  `Id` int(3) unsigned zerofill NOT NULL
) ENGINE=InnoDB  DEFAULT CHARSET=latin1 AUTO_INCREMENT=19 ;

--
-- Dumping data for table `amount`
--

INSERT INTO `amount` (`Amount_Id`, `amount`, `date`, `status`, `Id`) VALUES
(001, 100, '2020-06-23', 0, 008),
(002, 200, '2020-06-23', 1, 021),
(003, 100, '2020-06-23', 1, 001),
(006, 100, '2020-06-23', 1, 001),
(007, 33, '2020-06-24', 1, 001),
(008, 200, '2020-06-24', 0, 008),
(009, 200, '2020-07-02', 1, 001),
(010, 200, '2020-07-02', 1, 001),
(011, 200, '2020-07-04', 0, 001),
(012, 233, '2020-07-04', 0, 001),
(017, 200, '2020-07-04', 0, 021),
(018, 500, '2020-07-04', 0, 021);

-- --------------------------------------------------------

--
-- Table structure for table `attachment`
--

CREATE TABLE IF NOT EXISTS `attachment` (
  `id` int(11) NOT NULL,
  `image` text NOT NULL,
  `uploaded` datetime NOT NULL DEFAULT CURRENT_TIMESTAMP
) ENGINE=InnoDB DEFAULT CHARSET=latin1;

-- --------------------------------------------------------

--
-- Table structure for table `custlogin`
--

CREATE TABLE IF NOT EXISTS `custlogin` (
  `prefix` char(1) NOT NULL DEFAULT 'A',
`Id` int(3) unsigned zerofill NOT NULL,
  `Name` varchar(100) NOT NULL,
  `Email` varchar(200) NOT NULL,
  `Password` varchar(50) NOT NULL,
  `PhoneNo` varchar(13) NOT NULL
) ENGINE=InnoDB  DEFAULT CHARSET=utf8 AUTO_INCREMENT=25 ;

--
-- Dumping data for table `custlogin`
--

INSERT INTO `custlogin` (`prefix`, `Id`, `Name`, `Email`, `Password`, `PhoneNo`) VALUES
('A', 001, 'bhakti', 'vithlanibhakti18@gmail.com', 'bhakti98@', '9574276406'),
('A', 002, 'riddhi', 'riddhi@gmail.com', 'riddhi98@', '9898596291'),
('A', 005, '567', 'g@j.in', 'zxdfcg', '3456789'),
('A', 008, 'vihar', 'vihar@gmail.com', 'vihar98@', '7405419226'),
('A', 009, 'rutu', 'rutu@gmail.com', 'rutu98@', '7878787878'),
('A', 012, 'bhaktiii', 'bhakti@gmail.com', '56789', '998989898'),
('A', 013, 'new', 'new@gmail.com', 'new', '987898789878'),
('A', 014, 'hello', 'hello@gmail.com', 'hello', '9876543210'),
('A', 015, 'demo', 'demo@gmail.com', 'demo', '89897767'),
('A', 016, 'BHAKTTIIIIIIIIIIII VITHLANI', 'bhakti@GMAIL.COM', 'ABCD', '7675656'),
('A', 017, 'Bharath', 'bh@vhv.in', 'hgvhyv', '89786756'),
('A', 018, 'new', 'new@123.com', 'new', '989898989'),
('A', 021, 'abc', 'abc@gmail.com', 'abc', '1234567890'),
('A', 024, 'abcd', 'junagadh', '789', '789456123');

-- --------------------------------------------------------

--
-- Table structure for table `images`
--

CREATE TABLE IF NOT EXISTS `images` (
`Id` int(3) unsigned zerofill NOT NULL,
  `image` longblob NOT NULL,
  `uploaded` datetime NOT NULL
) ENGINE=InnoDB  DEFAULT CHARSET=utf8 COLLATE=utf8_unicode_ci AUTO_INCREMENT=9 ;

--
-- Dumping data for table `images`
--

INSERT INTO `images` (`Id`, `image`, `uploaded`) VALUES
(004, 0xffd8ffe000104a46494600010100000100010000ffdb0084000906071312121513131316161517181d1818181818181e201b171d1d181e1d1e1f181a1f2820211f261f191821312125292b2e2e2e20203338332c37282d2e2b010a0a0a0e0d0e1b10101b35251f252d2d2d2d2f2d2d2d2d2d2d2d2d2d2d2d2d2f2d2d2d2d2d2d2d2d2d2d2d2d2d2d2d2d2d2d2d2d2d2d2d2d2d2d2d2d2d2d2d2dffc000110800a8012c03012200021101031101ffc4001c0000020203010100000000000000000000040503060001020708ffc4003c1001000201030303020502040601030500010211210312310004410522511361063271819142a1142352f062b1c1d1e1f13315439224537282a2ffc400190100030101010000000000000000000000010203000405ffc400251100020202030002030100030000000000000102112131031241132232516181044271ffda000c03010002110311003f00ae686a91e4ea3ee63bb3d41a9dcdf8ea187749d720c09a52ad53ab2eb6a5c3aaeeaeac652c73d35d2ee4639e9a6fea05b21d4d39b7d24f5075072e3a7f3ee8ae90fa877519b57d0e2bb0ca8cf4cee664b69e7a7c46425bd55b48da88f4efd33bc673892717d56504c42c9da32c17c75e83f87652d99cf54c58c6a57d3df4cef7513dbd5a31a42b65befad8f40f69a8d67a20d4e886c9c7addf40f79dec74e12d497e5896ff00b7cf54a3f1f6a6a6a4a3a30821f249e375dc8914d8193cf9e8374149bd1e897d60f407a7f7d1d5d38ce2d89f159f2278cffb7a2bea74404d7d675193eb7bbac624eb2fa8a53eba27d631ddf5b5eb8ddd66ee804eefaceb9beb37758c75d63d710d41046c4b13c8f08f5bbeb18eafad75cdf5bbeb00df59d6afaceb18df5abeb5d6744c632eb5bfac7a827dd6992d8ce24de22c8b6f8f6ddf58c4fbbacddd24ef3f12e869e059b9fca714a6568f0f457a3fa9c7b9d3fa911328c5e628f9fd4a7f7e85a35343225d6afae3ace898f9fbb7ee4f3d49fe2212b3a6ff00fd274fedd19e89f85a1a93b63ec1cfddf8ebcffa9d6b82455fb4f47ee27265a5a339c7e431fcb8e887b3d685fd4d29c7cbed71faa63af5f876800050141d01ea3a75eec0922dcdd2827c253fb73d09727ed145ff001e3e33c53bfee9143a493d4cf3d7a8fe22fc31a5aaca7036caed0e25fb1c3ff3cf55a9fe113efd744392091cf2e19a656b4e7f2f44f67de30973d58347f08865fca55bf1ff0077edd4bdc7e18d0fe97526e7ff008f6e5a10a957df37e1e9fbc58bf14827d0fb99ebc8ce0e7af4dec7bbd2d187f9938c5ae14bfda3cb7f019ebcefd17b08684e3b278f3b91bfd28f81ea7f53d79bacc255024e66e6d7e334060a6bf63a6f912c207c2fd3d27b6f55d3d4948d39128c42e43864dd462f0a537f183e6a397ade95d6f8ddd56e39540fd6ce3af3cecfb858ce0ed670252db6ca465ac639f762f80ea5ecf748db2e7e9eeb8e2c4a71f9aec5ff00795f9bf81f83fa583f13facca7b23a3ee3ce6864205f9432d553cff4df55cedf563194232844946d5b325dca24abc65e7379c8f43ca5392110d3882f1cd53994b2718f9fe7a2e5ada64604f47eab2833421172597ef687dadabcbd4dcade4ac62a28dfa5fae6a693bb406729b312d61b876de3c7b79ba2e8add8b37a67e2aff3a1a3ab2ffe4cc6c2e37ba8588086d9456b09ca67aaa4bd4f46100f6e8be21ed02b256d7226dc8d37ce5be34bbad2d781aae9c4936476eddd2f735521bcd7da8b1f36ca4d0ae117ff00a7ac4b568b7acd29b59f3e3e0f075e55a3afad196675b136db2dd1934cf840b189cf17fbdd7d17d777a69ead1a9f6e245d59f1f73f8fb5a334c8ca0e392c33975bd39d87514e473e3a0f4fd4b4e2fd2de7d48c4b8fec71e1ab38f9e9e84b1a12eb7bfa49dafadc673dbd13de7a9c74fad40ec33dfd05de77db60ee96c6f6b2ff0049feafe12b937311e9577ff8923a70b8d4e77446f86973fc71f7e934c96a3bb526c9f175c9cd07dd431c7f794e6a382d0e372c8fb5bf13e869fb2119488811da047f42527828fed57d26d0f5eeea38df19e7dcce27b72946d01baf9e94cbbad39c62dc58ff004a6da6fe2b35c5b555fc75077516ae2916cac9f6bf6b6529c27de852a6f91b2ab8e28b7fe1afc472d7d6d5d29ca3ba318a515e664b16afe51fe6b1d597ea75e31e9beb53d4d4faf1250d93b908124616786b17e41dc99dd65c0fc64ecde916314548c8b856687cadd3c7ebd514fc64a50f568bcefeb19f4b7b1f53d2d5869ea4266dd48928da0b65f17cf45ee2eacea84c9c9f407a9fad69e8409cae449a36e6f177fa57fd3e7a5dea1eaddbea693135252dd83e92efb1b138ac839e4f91ea91a1d9c585dd9fff00576e7cd180ff0084e4f357d4e5348a438dc8b2fa97e2efa91dba0481ab9a786b8cd0e7cbe3f8abeaeb33d425bd9ffab10bb967dd897c21e3e3c0f3aba947f9529e4bf1cb7964e6a9178e1c78419c58fbf51845090cacf099932b46fe98f2544ea4db65d45443863108e9dac41c463832ddd91ac25bf064ebbf4deff5b4a64a11d491b8671c4774a2943c8701edbbb95f2bd21ecb425ef9a474dd506e2ca521907e912b193825e7ab2771df30d908ee6388d832a0db578a8dc4b7ff005d6d3c1abb2a67a3f63dfe9eb459694b74458dd264a6a9fb23fb9d117d79d7a3fa93dbea4a767d37dda9b7cc030da5d8b2c79c6538b6f67ebfa3a91ddbf6e52a5cd7871f257578c9339a5071283d868cb566423cbcbf0797af42ec3b78e9c4886031ff007e93fe0ff48ad3fa8e19f1f68f8fe79fe3ab04b425607f275c2951e8b6b417b4da360580bf76abf5f1faf4a3d774a989e2c928380f15e57057efe0e9c434c23520e6f83c70febd27ef3b98bba4ff0057f7ff00b66ba1cba178afb15ed78a326eabf5ce4fb639acff0027483b7d6652944cb7f7e39f3fbe7ecf565eebb42436b9c343e6f377f7bc7fed076fd97d2d49100d9100f749a39961c638c7cfdba486516e4b5233bad423aba50dcc50df2cb5514a9571769565f3d0fdff007ba7db6949c41dae337665ccb37c86797cf527aac646a6e09cac8fb611d3ae1bbd49c84ce42bf9be92687a57bcd5d493b8933dbabb65130d04208b3b205d94b81aeaf148e66ddd21a76daa2bb2519b1c4b0e29f77f754bc6e3ce682f59f495d583363b56ea9bb8a21f7f6921e00cd794dd5d3612bd3db11954a5b52cb92c9db97cfcb6af3d41a5df48d4370c4946a3bd8a5fb9c4b77b648e7148057e5465fc15ff00493d0bf0be9437cb5272dba8dfd3e0a2fc63705ff6e3a9e1f87e6696d8cd9ff55490df604cbc81609cf32e8bedbd4a64ac19ee6b1b9aac98a79bcb784fb3d17addc1a7aba24b11d55d3e1caedae7fa96f2f94c67a9c9c9319254233b094376a3a728ff00ab3bc08eeb3ed5f263f7ae86f52fa729c16249915f3ed1949bb5a0794ff54af9e9dfaf4b5f4997d03ea455b8c58def94a2be77596247fec5a8f4ded27b23f5e12d42500d86125255dd295fe98a79c74633c599af01e1d992ca69c59357219eea0cdc850bce1aacdfc1fdb69c8651ddb23a60476c4e38c12880e786b260b5ea7ec7d22550d46e0dc9493ba51dd8a8c868f0ad7871c9d1fdff00a7cc8c48da342ed52dcee2047cdb76c4c1f3d173328959f7bac86a7b62ecdbb40df678a7739a42829e3a733d78458ce24f9c06124642edb59527fc9bea2d6947434e319ca6c87f3ba52493264d46cb656ed2adf3e70cbbaedfe910846b74ae9a4e36fce14b0ca2fdcbeb39a328786e7ebda9aba522a208dcb29b7ed7faff00bbe82ed3b89e87f58ee8beea018a8ac79c14bfb7eb58f6b3db2c7e6abc8fb6f1f9dac2e4af2fc741eb46508c212d1dd29cbdab54c08ab6e6a21862d58bcf1d1f91b7b07c692d05f67ea097aced22ad512b42556df1e7ff005d17dc7a87d509181049486b9383cf8f3e7f6e967d4d41dbac42302630652dd29449071b5c5216d3938e7a2226aafb65061c94de692db1bc4b8c9c72521b7ab15416e8e7b0d4dd9450ceef11dadd5ddc9b72ff003fd410eb7a7cb27d564711256157549178b7e55a7e5e8cedfb5da1b9ddaac92dc9b40b40002b63ed0f01c75b74c58a3ba32b8ea4b85a26578a07c3e31e7a09e4792c0b74bd3f5264252dfb2032025b6729e4fa84b80a5aaf9382fa1fbd484e1be30fa95716495b4fea67491c4a7b90ce2aa806dfe2d211233f6c6092925b1888a0c62fbd4db498f77d8546bc2728ea54264b523194cd434c085cc77654f6c65987fc38b2ba613025ee3574f4b4e7ada57aa2e9c3536eedb13175391ba0bb48197e7923d5835bbc610fff00510ad0d58d3191c2fe589b5dc4a99183c59c3d2fecfd20d2353b8d596fb7747dd18c4999646e9371adbb5abaa4f8eadbea7e91a5dce9462c8ad4770f3b6098d927922fcddfbb1580c9ab0453a107a7694f521a752fa70f72165ce16b953db1cddf9b38c74ebba1d4892848aa019433f2064ff4f83e73d1dda763a7a1a50d38b2631f68357461bc55377e739f1813bbee25a7a8d45b93518d488bb805df11234c726532b84b4ed63a490b7b82508dcf50f6b9656195c05d5e03cad7cb834d294994b96b61164a38e451aba0c628f345073d0756604bfcb8d7b239b903529633b514be178e8b9ca70953152aa2c4b3db68505d605e2af93adb0e8c94583b4b2ec369c43ef862157fbf4077de9aeae9ed9cb923baa40908cb20f2fb707c8ad51d33edb5e45ea4a351140f9cbe788982bc67ec9d73de2780c95e794f34ddbc7c16dd746cd407da69c43642446300f6d78ae414cbb4cfd9fbf517a8f71b3e99529134b0af6c5b5e3358fbf803c29fd47d43e84a88b3d40351d8b5109191e3dab598be54f2b2ecfb384355d5d5d459788db0a06f3186256f36701faa6ab22dde0898e99ee11949312d4d46c4388b2abcdd5e6fed7d64bd7a31a1c1571dd01f6fff008a991c34fdb8eb7ddf6f18891db19ca91625e5ab44056d6ed5a02fae7f0e77b2fa4ca7125ba5b8b8c176a46af252fe6ace13a68d3d89c8dc57d4f64d2eeb4a1865c7807f8e2be3aeff00fade9fe5846df3e28ff77fc755edb2f39aff00a7f3f7c746c7b36adc797fb671f7eb93e6978753e28fa17afdeee1ba2b35fa7dfcf8fb7416b4095d9e38f17fc752eb9eda0cae31f7ff00de4ffdc70d2a1ae7ed7e6ffb61e924ef63c125a14f76918b513e7f6fd02f8af1d5667df17b58cbcb8123ce7dc95e7f7e9e7e25eef6e94950c73741e2faafe9cc931775670bb6d3c1634349f38bfb74dc4bd0f2b08d39ca994a37f63e33fb7c74967dcb3eef67b4db02729e2e3212af3c56da1a6bed7d38d0dbee777e75fcbf671893f98397fe5d0bdbf69a70148bba7ef648bb9c504bc57f01754f565e9092d0b3d7f5b5a304d1feb480eea6dda1b6ff002d8f02502b86ba235bb39ca70d59ce3f4c8c96202ee4438c70bc2f8cbc9ad6ee64eae9c4d3098edb3c9864c9ced52b1c60e2ba27575e084194772ee067f97391573304b6acbcf81a784bd23d5ef2709ed7118fba5258c76c6b0feee29a7e3c51feaddd13d086a4a43b75a0c65132224a79f11a30865af0f417a769f6dbf52b650ed9ce6caf70adc7ea4bfa562e43298c746ebe8ba7dab1751d4ad336acaaeb77f4e4e2a3428d63ed39357432b6acb455dde0db9e12fecb9f847fdbad0e72853f19a7c5f2e245dbe71d0be8e32ed34d6d76c497ce2a2fc7c5f8fefd4dafc5385e6abc7347f3f0679e1ea159a2b7837df6bc74e28c65102ddb150e2f219cb7c75a9f787f4c64e1e3fd57f3c561b73d28ee86765a47864735e5c9450ddf1e7359061dcce0bec65b857f3d378c8ab76f2b5fc74eb22e986e9e96bca72992d81ed8dd361e50b2ff009f1cf89fbdef4d384beaca2118b29539225df9dd9682b9b0e927f8dd49dc232d48165a444da529f36d80e5c9edf6eee90bd9cfbfd4d9a31d9db4656cd2f7cc1f7cb0337287c1f17d3478d6d9a5caf4b6593d17be9f726dd11869c6bdd22ede2aaf3fabf7e3164ebf6bdc424177b9c269cc06ff00a98cecaa6fec9cd574ebd1fb78e9699a5a78dbc62d6dcafcae7ff5d27fc4bdcf75a66ed33eb4304a3188a16ee951215aaa897fd4a8605f6920dbab6710f41d64bd6d788637442a351bf335fb19be3c5df50fabf791d18498421223cd6e892922461195aca4b767fe3a57dafab43529d5d330ee9c266d0da99ca6e0f8c782adc8be9bff00eb35b4d80fd0ede5be53423bf55a78851bb1650b9ae129d45ed89dbc4593b9efe3db68b25f740ae2312522f3582d45a38305e0ea872fc45dd0eace1ad04bb60602371462392d9250eee6f83ab0fe22f42eef55cba690bdac54fd6e2e37505b7d77e83e9dfe1f4e04e0fd694565ba1a8c05a790db61187ee4a9e9e15159cb167da4f1a06d0d4d6ee7448c4d3d3d390cd934469cc8dd1dab3bdb6072391b3a65ade9287d4ff13a93948e094a2c4906e3650ef8954365895e7a9fb5ed8d59a6a1208cac2354bedcc7721598984f3c8e3aee3d434a35b4d6bdd6ed845f3255da39caf1fa1c1d1ecef06515590b97710d123294e313502bea39e44c5d8f19ac3f178e7b5f5686ac9fa721f612054f6ac6e55b6ef6b5c671839017f0e76fac4752706f8cef8b81c482bed57f6e78ebbf4ff41d3ecd624e6e9c95a64612b9428b03e78fbf43ebfe8576ff0007dd977b1faa1a6ed946e44b6d98623fea2ea7c3f7e7caff0056574a2e95b3a8fb5c67c32c88265016abc94c1addc456a53e45a10c6da4dd2c536be1c3f7a57df6aea49210d8c7db72272dcdb9abe6eaeefc5958bca21721ae9c64105946f19024348ca34361cc97159c65493b398cb69394b0ddcbf30d73c6df8063c63a8bfc67d42b769c624a4ea53f94b9bb58c4af72d55563255bd467ad69c621a719a078801b8b1adf28978c9e2bef8c60cd0d34df0fcd1db4eef77c9ff5ab5bcb7e4e81f50ee6a4bee8d4055102409c1902299fd4f83a1b57d4a510b082b1dccb3baad959b9f11b222f9e903a5dcebea843537c1c1a912be9a6efcb4b8589e5bfefd14bd039784fdcf710753eb499c255a7126e633dd7743e048f95fd8be9cf6d389025b6d8fe551c4b2296e3faaefc35e3a59dcf6afd4d226498c025180856dda1218f31196dda646bfd4a1fa328c98fd2db292fbc648ecb16efdd45d60a4946ab9eb4982281bd447b8ff2062171df1bb9112a548601a8d5d3e29b5ea5d08ca632844a572462df8b16f0949545560e9943d362b73cb9c5bb73f67cf27eef4511ac1e3a9be45a4563c4fd2f7a3a54b85afdedf1d72f7e5b8afbe2b6e7f9317fbf3d1dafa6c77539e6f1fa074b7bed128b23baede30db9e31cf3fdfa8b4d0d1a93c91eab20cfeaa73cfcb8c73fa3e7ad6a4a96f8e3f8fd4f91eb349231cf18e5fb18fe4fbde7a51eabdf46105f81f8fbf3fcff00efa591d108d95afc5ddfdcf4f48629295a61123ee491c5354dfcf1d6f4a3bad542ac2f28f02de69bf1f3d25f4a97f88d6d4ee66dd2c34eef8119273765c7f673d359c3518bee22e52c78cd5d55d59caf578aa544272ecece747b9d283264c49343b98db6c80cb9318bae6fefd4bdc4a5251b0809cfe6be7f3578a3f9e78e869e845dc902682acaad1af3f0e680f0a7192196e08eeab2ec06f8bc3289c3bb0d0159aa68441e3a51cea62b20d2342de572782cfdf3857ea7e91f56500f64ef962352ddece2d4e4da08814ad74ebb5ec194ade22bb7141f701a1a52f92afce18cfb08eac50db22f3e47f30db9a9fdcc98fdc76a375b10f63f87753527396b6969ed948946748d5398c029e640cbcd28d7574edd34a34118c40f00071978e03aeb4e4f9b3c7d8fd2b1fefedd73dc76f0d4dacb98b8a5052f9a7dd5774de46b35d4a52bd8e956803d17ba3e9ec8abb75270ff00f0948cfdf6c6c3f4f15d19abab123eeda327263f31eeabaf77e573870a563a8bb1ed630355224776a3268f2a826de54aaf3fc1d28f5f7bad53668c21f4d024ea52c8b3043255179ce6a8a7a386c19481fd6ff121187b22c74c9c094c0304e3756610f9ce4af3d77a5196aafd3d367205cee866f1cc68f166ef155e3ae3d07f0eca0c5ee66ea30ffe332c616562c256fede3f35096cedf878a3efe3f4fe71d19492d02316f624edbd0672bfa91865cfb9fcb9f1b6f87825f6b79e98f69d8fd2d18c08c4db1ac345f97eef95e57f5e8dfaf792d3efff009ffc78ea09f775f9a120f9abe7e585e3ef8ae93bb637448d54591eef7715c7ebf7ff007e7aee5a78ae7973e78f8eb23b66702784cf3f0f1d6b5f568f6e5f16fcfeb8ff0067ec760167a97a6c75b4d86a163777873c6dff0079eb5a7a9a1a3a7b3488c764876055048657e720e7971c99e8dfaa673ce538afe5fb74abd4bb58eb3f4e54bb1500ddb38abbc124e5bba69c34c95ec0dfa86d0d48ea69fd4dc914b8b1b4da9f9aebe33f613e17a0f669ca6ddc8d922963b5aac7e55f75e556e8bf0746fa74539dbb5a2271ee223c1831178f0738bea3ef7b37dda90add774d78ba194692fe5b4b6b8be8506c0f534252d32f7476f12bdd26fcee7f325f0ddf9fb073db391187d3d39046f7c6d23eeacc65f6c1620386e8d76bde4e7acc65a1af19c1cec74f6bf78327dd1c38093e3c745fab77d1d1d3b9c3ea2d3b02c46a99ea25071ee692b19ae9a9a16ec1a7dd7f858f0c62e77ddf345b8c7ea1f1ca9d2cd4fc59db82939963411122fcdf3473c79f0e4adfaff6fdc6bead1165b71b21267a7a7279193ec8707b4951e1e91f77d9ea68b5a86d52fc38717629e1eab1e3449f235a2f3e9df475224862bb467ab3362ce42d55eecd8d16184aba60d6f4d9a92b94e3295d424ea0d5ac955ad3bacd55f3b6e84dd877ddcba70b273ede3717fc8d3981189edbdaa5c50b6aaef3d32f44f52edb4894f474f519cea2e9fd604093572db1db1f9cf93f5e8b4d68c9a7b0df538ea458e969c59c66f118ca87091fa932ae85e5ae5b33d6fd3fb4d6935386ae8cf6f24a2b23f31ed168e178bfb527427a9fe34969c08c74084904dda9b98a2fe6886e13e2521f2dde437f18e9cd19683bf66cb8ca8bf26dce32f2bff6094ab43768dec375e31dd1d19c3eacf524de48d41f6c6203beb71b9196d371936b67763181a91d0d3d3a8b1138f6e58a109d49a66726e45b798f493b3f5996aebc63a5a7b94a1d42dd3e5d449408ac6b3b5b7c1ce6cfeaba9a93d28c605cd915a8c2a319295b173102483eeb0db6b25eb4af4654f2883b9f440d475e3a8ea6ab9f75a11dc8d0452f9c3662588d084f63a1b7ddf5273251289560fb503f1cfc745763ada9a1037427392b294e0c6a739325fccc5395db13697cb9eb8d226c494e246496878bcf8c71d466dd17e34ac27a8d975b236750eeea258f53d59997fb7c5fdce93f79a9ba545f20b679e5c67cdffbc95de6bd0f9375d7df3e7a4d1d7b539f66ee6bdd9aff009bf7c1fb19c85e287a6fbbd601f1faedadb7f7f0adff00d3af35fc43ea32ee7523db6958c96d4e23e5bfdbe4c87de9efe2afc40696949ddee16b9fcc38f38e79cf9f8eab5e81e9bb606b6a7bb5755ff54a351e68ac23e6eb863e57a6e28ffd98dcb371fa21f68f6f0842242d226d220388a7f5391a6f6956bf73a92e4a11f2e5b78038692f1fa72fc5eee722c494b88d7e5fd238e2de6be5ea0d648e9d40548ed892e5927b49078e16ff00efd551cedd237dbe19c0d3fab1b38b477849b56f6d31ace782a8e89d1ede221255c6daae17f629bfd563f17d43a9dd474a05734434e009ba788f8288f1783c1fe91e34d9afb896c8f17213179a5cb556a1f978cbd11431eeb3008ed858d163fab7cde7f513e6fa6fa5ac4818b78c7ede33f095d56bbeee88c594d23b472262dc6336f26797adfa2f71bf73a5387e7f3bae80bdc2992dce43dae73d071b376c964272ce03eff7e2ce4fe3cdfefbd25c3f394ae3f6e3c7debf7ea72a4548384fedff007397c7f7c81edc55fc67355fdffdf8e90603eee57ed370dc65ed9278920f9daedfdd4ff4bd6b435b7477b61238abcf9b69579fe53e7a5fdfeb0eb308d477d37f1b36bc79b353e78ae6b31e96a2ea31d0858d7b93db16b32fcdee3263e70e1b335802791dba79feace01f9e3c9c7dbfb759dbce2a8cae8c848c34390e714fc67efd09afdd7d3231233949c2c4631e2dae2072e701ed249475368c94186c431765566aa419acdf3cfefd28d601f88bd721dae97d4ca0ed8ede652afcbba92374b7cfb5a2f1d7976bfe2beee52ddf558d2a463407fd5fd64af19ebd1bf137a03dd1a7194984633b9049cc283184dc514bc0b8f1d08fe0deccc7d3c9e59cedfd410fbe0ead09422b2894e3393c08bd17f1a0ce2eb8c66a129c6b6cc71738b8130eecde6ceaf7ddf7d1d38325c479ab937e0a0cab8c8f54eeeff0169a8e8ea4a099a9d48bfd7da99fd7a03d465af0d68435e71d38ca71db52584884a21ba6e687dc8a5372a372a6a1277102728aa9165f52fc4b0824210fabacbb485d54ab3ee2cb1136f367c52cff0086e2cb527adacc59b108b18c44d3b7c7e6ab23ee97c63e5d775a509cb4c527122b19a458e5db8dd80fe928c3cf2bd543d07d4f567dec7516529336150cff00979c1100da66480185a1cf452b583374f27a77d28ca9adc158439c663e2f266af91f2744c9a845e5ae638b38e1ac38f3ff004b5fa7dcc5699979aa95f0d67db94130f0b5fa83df777dd929108e8ecfe9d59b556d7e5177487c9b45c14f52490ed8ce0ef249946bf2266dc57f39bf098e96fa943527eef7cead23a53d9ca348a453eed358a6fad47f10e9471086aea9543a518c862599a403c783fbf42777f8863a772d586df809c6525e2aacf7588f8c5eeb6964981c91c268f65a5ba3a7f4e1f9e4b762a450c49c287c72975d20f52f5ad3ef2fb784497baf7eb6a1179c9a72dd4cde051c62b9ead1dde868779a70753626ddd8d478ce5db4bb6e464c5cb06681f4cfc2fdac27f53f3c4a610bb068cbb732be4f1578708534b2f6069bd689fd3bb774a3b7e89a736592249849e312da6d007818bc518561ddf610d53dfa31d4a8fe6d422fc60bb4f393ed57e33bbefa2c75237286ac412d786b321a29b9617c3fb11e9d1ee231bd4fa4cb6e246e0bcddc6b82eb1595e3a4cec755a10f79f84bb59dd686d472c37005bc7b917f66b175e516bfe1bd1ede50d7db29e8d3ba2d29e3ea6d63ee8f94c7845305cfb58ea4d96fd48951023b58e532fe65737ce3359b561ef23aa501a4691519a2dc74c22fe59c76b7fabcbcb9e8a9cbf60718bf00fd3f5bb57fc9d3fa569b98e9c7db22b940dbe39ae2bc275c7e2296a422cb4c66e33f9b6b650c07707de38e5dadd941fc45a11d1eee4691289719110628a12032a723e116ab1d59fd23d3fb8d2e250b4ab775c451946c05bdb12ecdb9ae5ba38a8e6c44dcb1438d2ec25773d59cee296b1f6b8e02259fa98ae33869a7236865a2adabfde80fe03a132b779e7f7eb2524eb95b6cec494744ecba191eb7a535f1d4ac5e85d04bd7a9ea0efe69cbfae38cfdff00e7cf550f56ef0d322caea571927d894acfb14f1ff4eac7df42843ef47c091e0e3997fcfaf3ff00c577a9f4744905dcd5382ad921e065fbaf422bb48ac5a842c47db8f75aacf5065a5a4f1c92d4a5cfc8656fe7ab159eddb18c6456d00af7e5500b3db270787e2fa5bd8c21a5a1b17f2c66b2ba5bf2194bddcb83078e9c767a44611530d44a6fe397942ccb8c75d2d1c7d9b76ce7b90d3d2a0af6dfb6298f2d07ce6b19cf5c687a71b63aba927eacddd3b9490b1195359add13c96e739ef6f958de41f1cb466f014af18bfd240c7929f1fbddd16af5b40ab33ea79f20e1971ce2cc494300bcd1e3ae1d094d0b0dd19619636e2cfb1eec850e07a1e1514f753f99b7357c5be0dc7e95e79e83d7f5185cb64994a435b7634615b950d0945b7e3e7a12bf031af423b8f4efab296992dd18dca523223781169e31c563ee05ade9a42be9ca3f598ba718a2ee732283028473416727965d9568425265b5db39378a8d5864e4132e4c61c889f85bb3fadad2d79414d36b4d814ca5b63ba4d2e28c16fe6ff85a109369b7e0392293497a4bdbff00f528ecfa9284234ee92c276e7c5dfc143cfc7039d4f5f8e847df93c5473fe900b6d69f3fdeadf76d3ff81a28ba5336f8f1c75deaf6a229f9a8bf1618a7e0a178c97f6e876b7940aad1489fa91f5b4f59571a99e2598ef30a046a09c2d4636dad34d1edf534a70b43536b194625c372e9eea73ee18c4bfe6e9a9bd5bd274f57589939321ba25859044651ba712cb86a82c3a3346302e4c88aff00c4e7061b73c45fdbedd193bd012c8a357d6a319fbe5ee24c0da4f3ee47e4324a95b7f5c746773eaba046c470caa08ca58f832b8afe0beb7dc763a5ab0a22fb8a640927932ca94c7f53cf9f857a9e87b3f26d5692ec6e93c5eeab962fce2de97aa635b41dd87ae922d8b18f1ee945fd6c1c38e3fef5d1477707119d8f1bb00df1904967cf9bf9eabfda761ad196a6ec4496557dd26315abe63559f925e71d4da9da76d199dc4c233a0bdd20bbc6e07cd866ce317c9ea809ba18f73dccf6bec9321a2318dde532a517cdad1cdd740fe20f483bad2219837ba3824c5ce1f7570d73e0e6b3376bead29c44d10d2bfcd290602ee82ebf7a78fd5947bed0fcc4a3171ed97b70d6dc4abf6aeb2b4c369ac9447f067b651faef15ee8606ed009b8b1fbf4ff00f0b7e19d3d06449352663214453fd2dfb9cdf347eaf426bfe2ad375e71846328c23bb7b2625ff5561bc2feb481e59343f139be51969255da4aeb8ab6ab32503f4fbf546f91aa269413b2d5daf6908164718c6335c7fbc73e3adf7fabff00ede1925dedce00f758b2ac1cf1f63a4bd8fae69ce7b23a8b2465564b8af694fc64ca7e6fd3a3e1ace557cf02d706530bcdf53a6b65153d00fa8e9ebed96cd38ea124b5622cbca8c1bfe92be6aef355afc41dc6a7d334b523227a938c65290b18c5fcbb267b3fa258abbddf1d5db4b5e2467788866df6c4f72a5b800573e3aa47acfac69f75ada5dbe96a918465efd488997d81070b7bab8acdf074fc6db7a139124b62ef5ff5a6a7db6d36c5a2e449a8b712e38a68c1c71e1bb07e10fc3fa9a738eb6b5c6513dba7fa94b34bf0bedfe7e3a69d97e1dedb4a3b23a63165bb73990889eec27e5fd39be7a77a8ca2676f9dd2baf8e2ee9cff00e7a329daa468c336ce7befa72bdf28d2371b2b778db65eec1c7fdbae3476d2938805d321aa28c5fb4f6d57ebfa742ebf71e4a94aff00354b0a8514dd03c14356b9e84d7ec36cb6c63b99455f7c895885e10a372e6df07de7452c6ba7ae463bdab2ae58a5fb3f1e7c73d733ef34985ca46ddc473c7c865ab0fe13e4ae90763f869d1d496a12df2c033e61f2466c9b3c379abcf86a5f88bd5b4f53598303576d463a86132eec97bcce380cd1e578c149d212527156cb368fa376af772d6d2bb8dde1d9f515cc65c299b0c167c74d9a3a5fe92c63a708c0a8ed283ee5f3e5cddf475f519bb65a0a9191975db1beb8f3d6e7a99e907b25869d71d4ee9f429dc75c3aaf5816cb3fa86bdc677fe9ae7cedb5fd29cffe3aa14270d7d7d694b1b6b4e05a3725dd68e1ad86178c55f561f54efebb79c9cf1fc4a21fc676d7fcfaadfa1318e9ce7ac84f527f56cddb982448e38c9eecfc975c754e28ed879df809ebfda446965ba5288929cbde491adde1706e91c5e1f0f3b196ed31fcbf00926b6e6d2d5b56fedfba93b3f4f673dcce3aaee252929516a1ed891cddbf94f1e7cf4ed8c348db18d7b464c6bfaab2b583265e31cbd5dfe8e58fec8b5aa5578dbc564c358ac580ff007ae1eb7ddf78461576c8a8fcc9ae03cbfdece847be28600476b9a4ae3970eecddf3667cf507a4f7729c463724cc54e7dc5a18023c0d678cf5a83dbf44daaca7294476ed064fbbf2b8bdc719bf1c0e3a3bd1b434c81ad4129e3115c0af2c78bff00572186aba1fb6f53f7ea4c705448905c6dcb20fcce40c89e69ea6ef357b89e9bf4a062212751632a01e6253fa8d5b41cf51e552d15e2ad89ff00137a91acc7b4d058acbdcf1b890d8c96ee931c3c782ee3e8da26868e9c205448855f2ff52887baeecae7f6eab5f873b5dfdd6aea6a6cf6c4d386d008adb3db4514d99ce7a7fd86a418b09adb1c1720f8cbf7bc3e76bf6e995552f0477dad960d0ee57358ba1bfd52ff0058bf7e5fbf504b5b575ab6ed846e41292dc912d00be4c379bbfd00d2d284176c7dde5dcf167faaef1e38c0629ea1f5efc490d3969e8d4a5ab3aa84454fba32a234565b03cf3d049f8675e93fa8fa4eacd18eb0458d6a476b7a96c595a26dc41894284e59cdf4bbbaecf5a7a86e34fe969b9966ef685c635f0b1f8c7edd30d3edb5b5230bd69c6486e201b1bae2528eeac398d61e47a93fc383f9e5b81ab4699739afd31e73cdf5ac14747726991d283196a4819f0b575b92bfa97f93a4b3d0b6539198ed95f397d9997d9ce79f1e7a2bd2fb39c65a93d67dccae318ad06d02ec2f8f8c7cbd01dde34c89be399afbaf7248daa897ff008f355d3240647dbf69ac6b465f576e9dedd96a3f9956f8ab02aff52fa9bb8b58e52319700bbac947dcdf06e179e17c75c48e09c829e1a39f7392ab8bbfd7cbd6cef065263238b5cf1f0283e4fca02bfaaea7766c551aef9db08c63ed8442168d1f110b3374118b8b0e71d54fd63475a64d4f6eefcb09328ad2b65b7239b70050af2fb57ba91a8476ac9adbb95f748a8b4be1be1e5fb801f77defd1a1d5813a6d19cd2c408c29094a45e40afdaa91c13964aa767a23ad08cb11665a782ccffbf8e9e7f8194e38931774a7ee2d4b42d8daa64e1fb0dd75343d263a8ca5ad28e0b931b753691a59447692ddcf2aee32d1d327b6675f5613371bb6af11c82c4cd625f06258c61a52154493f0a76ba4e932421bf1b894591a66d2d8c8c124dcd5dfb78ac35eefb79494351fa512d93414736070527b9ce715d07de4631840d2d19ca7b17d9ec48e41ae1e0c5dd5a0c6cea8fea3ea3aac184a745b710729f3f6fed839a2a714e4ec76faaa2cdeb7ea10d661a3a5abba0d9ab18b5658c967b5c50147c3766153e93f86e477d1d953d18ea5efbc15906ad24256d42d2b03630f48fc3fab0d5356518474e25d12cab1e296b0b9fbc57e3ab376fa338c8a9dcc1a2351899cfb0a2adbb2ac3efd33928aa46eae4ed8cb4bb4d43ffbbbabfa63605f39e65e4bfedd4ed31daa0fe539c38e573e7cf35d43a3dc4aa36c6520cb1dd12cfcce7c5f97edfbadf5aed65a919c08c99cb4e57b5a2b6a2b879b030f97a9256cadd20ed0d0ad3884a28c7320c327c9c617e3e4f9e848ff00992589b76bb772bca45cc529a36fdadabb10e3b4d68ce112a7183ed23b94947152b252251776572f91e8cee7b4d34231b8ec3f3431579a00acf9c79eb68cb209a7ab296f86e6f6fb590ed5c9fab585c5bfc75e7da3f8575cd534e51326fde231da39495d2fdb9bfe7abcf71a53d2dd29eb6a26da8c63193e1cb4ee50e38afbb9e92fa17ad6acb5f523ab1893895b318fd110da7e6f37bb9f978b714da273a75632ed3b434e202a44a2dcf524f52ba9f5292fa1a84eb954acbc5aac1a8f737d4bbfa1e157d4cc7cf44299a04eb6c9eb1571d75b1eb59ac47eadea2cbb534a033d45700a81bb1fb06ebf8bf8ea5f41f45fa7a443536ce6dcb6a928c46897eb820791b6ae9b1ff0bc3519eaeb6c58c63b2383339fc5e31159f088279ead1a5001b8f8f3829b2f3cfe6aabe3e7ae9585484e46a53b05f4e36ea6b0431b2a1125b335b59544002c296b9ea3d7b6453ede06adf3e705f15e38790ea5d7d74da4716dc968a3c85780e1afe9fd7a87bf95c5d48da42cc1b9bdbeec7c996b9e3c7249bd0be3a0489606507f2a812b68c00716ee6e814171d11da6858486244c6c0f18b48e0c71c61e3a1bd4213609136492a3eecd9ed3f2e0e01b1cd1ff001752f6fda8912a44b0c4c5edab22ad6da7f873d303d3a6508120911957365815c49cc6cfbfc517d773d79cb49da6e98e029b7091c016c7746f186cb7ae74fd2766d9e9a65dd5f73911cbe0a5a318f3d426aab376b0b4dd5510ba6578bb92b9f141f022a2cc9c90dfb7948b2369e4db59c145e5acf15f1f6eb5df1229899c087e54af3e5732c7e9fb2fed75f534b4e1a4cbc6ff00754d2c64c6e2702e73fe9eb3d43bd953700f6adca58da573289edc2bc3f96b3cf5cf0e29465fc3a27cd0947fa05ebbf8be5a55a3a06ed4da0cdcf27b42b97377c78ead3e91e9da5a5066456726e7373292b6dbcd7db158e79eaa3e93e93a5abde33d3dec34c932961dd302f6daf1baf9f8fd7a75084b53dab234e12090a8adee0f6d66ce79a5fdba255548e68dbcb1fc7d5653c4212aac35c97f39c63e3a9f567bbc38e1714fdfa067df4232969db160456ef16a00e39da9e5c7f113ea385d99ab554db1a76b9332925053e7a91525d5d49c6ad8d5d607cde2df804c5de7edd45afde4b527be3a740cc8d98cd567925f6dada63a5beb5ea30fa4ba8ba7101302b2a6806db2aef121071cf4cfd3bb986ab0083108eedb3f8fca4686eff2b4f159e99eac5f68a9faa7f8897b61dab51ba500652bcec97e68e469b316df1d0be9fd8f73f52f5632dd14e08a7ee42c4ac57dfec55ffd471093122b9db627bb888be0fbe7e7c7416a840dca4923fea897c15726833f3e2fc74ddf02f4cd95ff0041ee21a9391a9ababf56517537a318462586d1c7e5cdb8cfc8f4c753b2d20615291edb2e3b5b2d503eed79b6e832d775bf18c351944ed8a91215594a58b0a38b911bfcdfa3e6dfe81d992a949dc482689cf807c71162e0e139b7a59a6b2c31a78409a9ada3a3a61ba24a4d40472e4bb8da7cafefca233ecbd2a6ca539b11646e8c62d35e1f77d839e315cdb89e9b638f8af9fbff001d47ddc888cb8438fdbc7df09d47b37a29d5205d7d2215b5daaf9e5a2ab0578301e2cf2f51765da467109bf510166c4f74b9dc12530fddab7ae7b8d49436ca663255d7ef6053cfdf365dd745e94a243c1561b4e1fb55796b38bae831a8e3b8ed76c520a588ff00a4cd8a1f15e2b97f5e94ecd425b6d33cc58e7cbe1e0529f0397a375bd5564421a1accd4a58fb29bcba8291aa5f97e16bad3a7a84c5d47e508c68f3cbe315f39bf3878d88e85fe93e9d3d327ee94f76acb539f2d1890f177e07aef5bb196ad7d49331698c1636da6d96a6e8ac79c505d3f6e996bb1811490cb753b77553ee14f1c0aa7fceba8f32abe68e2befc66abcfe9d3f660eaa885d5d2890241137042e29c05142355e7c672753e8fab69ce3ec9128995d33db1069b627b787ecf8fb151d36393e2dae6afe7f9fdfaaefe20847463274c8c192fd46103781b97536d8b44be4fcd9c625a34f0676887d6ff11ba67f97a5393c6f94123e17f365e61968cfdba5fe91a50d45ee33194a3b76eedc00d73cab439eaa3dff00ab6aca730d6d49416bdcbee80b5660f2ff002fcf577f4fede10d3810cc6ac7e47375f7bbe8f32eb1afd914fbbce8ebeb48f6f45b88df5d68769e7a9f5b4823d735a3a9445ddbee92f52823d45fe30c91ea08eb22df4d406c630d6a7a23eb7dba5fdac773d312274accdd001af018e883508c764045cc5af73e28dcca41cc4c1b4ebaef3bc036c701064cadc46e36a85739f38f0d340775eaf084e3a3a4139dd6a5bb58c7dbe7115595045bbbc0d7416bf63a9dcc25a4cd8fb8d5a76b1b9331aadd3a0c664d555b6576a5fb22e5e20fedf47b98eac09150969ca1f53dd14d3950bf76a828fea8df03d4fde1b635a256ddcd005d464dc6cb33572f81fbf4476ba2462fb99a45374d5939cdcef8c2e2cc1586fa553d69ba6cb4c8b29ce2020113d91094fe79aaa907eb17a1b3682acd3817224e2225bb9ac829fa735f73a87b358ca30dc83c39f18e4a7fd473f15d0beafea3b08c60465aace371f71951a2809e4896e43f53a17d5bd6fe9d7b7fcc2a8b18f39c8de136f36d5e3a6a6c5ec90fbfc77b98ac84049227bb39f7559c67379e936af67fe256e47b918d2dde1bb95af3fc7ffe4cd6d58ca242657bf7a059b326ddd6455f714d5b1e73d4c9a71d3fab8fca0109716091453384b2ebf4e42c19e487564cfe931d4cd1291a82fb42456de1557f30314bcb979d49064ccf9a9084473158b55796f157c73d19e991ff002f48008c856f1225b82e542e7718c79b7e3261a7283c46afdf471c2ed7c9152b8ae2daeb06887f0e47499f71fe678893906c8b20a3f3229f9d6374e3e705ebea4b46a6b7bdc36bb9bb225d73eee7ed778a1b43ba8409007f98c7dcc6bd941fab8db57fdb900fc55ba0e8ed59463abe290919289057b5312e407cbd059919e10db46b5ab7dca6ce9252ab064114f888718c5df2f4776d49a8e9ec8c6372df71dacb68ab57c0462f061fdaaba10d794c36dd518953b13cc84dacb745ca7e600aaea5ec7ea691a91d6a868c252250924731a7882b27dda6964ae56dd80e710a91afc4fa3f527a27d48a3191193f26da248d67c207c67a71e83e9fabda6932d5812db29dc892b18eddc00c52991f6adca88349bb5ef34e7dcf6f3d3d46729498b14235159b54c73942efc18f8bd04a5a6a95b69a2db690153e297e1ace15136d25104526db2bfe9c13ee67a9ad29948fe79732db221123c00f39125fc6bd77d421189bf45969bca92b3c46a388f1688dd0d34b75ff0056d2d4d393f4a128aed9a0ca5ffdcd83639cec8b1ae53e07ae7b2ed7bfee2142fd2ddee672222c79bfea907941cd5e4c3755bb17b3d50fbf0ffa368e947ea4606a4a52dda4c8136588976c108b6a2d8d7c360f4bef58de969e99707df2a891dcdc92c59327746ecf34bc5d5bb6ec3bbd3d234cd225a73ddb9271f35f4dff005112a52c02dcb1711e9b7e1fedbb8d1bd362edb29f6a367bd5332978e100897cbd4e79b765218ac168d08bb894e57f382af181f11ab7e7f4acc3af159283873779715e7c535e7aea7dc0caa9f654e9f854f1ff00f17fdf39a8c8495d1e471cbfc15fa7524545dea3adb6e8192d04b80c46de1dbfa794bea2f4fd77654a245c5b1938f8a5af8fe2b1d43eb3ea0698c982ee8a94723bb688fcbb635f33f16748bd4bf11fd0835a71df23d94df82f78fc780b1cfc5b5516d551372eaf65afb9efb641adacb2d17955f82f28de3c3fb57fbdf4deef544d4d762ded028a989fd30e5c1cca8173e3aab7e17f5491af296acac212774bdc46529c5dd4d82c90be322fcf4cfd57f12fd1bd3d29419247dd18e204aa523712773f3416be18d2571757804b97b2b638eea403ba7acca3245d363125a86d64ab1607849490a635bb2a6fa8faa4bb7d28d40b6a201c4b16ca3c44e0fcd5696f55cd77b3869c4eeb53eb6a1896cd4bca6e4a8262e8b5e43c67aa6f7bdc6f934cf6dac494b720abcfcdabfbf4f1e3b125c945f3b8f58ee9ccb6e96916ba8ec9205205fb7735f96262cf87a17fc6435b4b5613d4bd6db28ff930263a4116d883033cb06efcd7545be8cf4eece5a92231bb6b20b4599405a0b7f8ea9d1227ddb2c9f877d1e50d79cda7e9ac6c6c659cc5f8da8fee756ed1d125cf40fa5f6268e9c6066b96aad72bfefc574e74b4caeb83967da5674c63d2262155d07dc4efdbd4f33ddd0dafa9eeae910f16eb22f34c8cbefd6f5349783a61fe14fcdfbf441c71d16e8590176da29d1d1d3ea7edb46f2f454d898e95b164de8f2aed3d4fdfb74211decb94ac1e4a9218b718a03ddcf570edbb0e29dac48c97093e72ee2d056558cc80fcc3d6759d7a1c98744f8b2ac55dcfa84b44d4b3552522e5f523397e5606ef754142bdb806278a4efc3f1d5607d5b8c4589188464478375ae50978bcddf9eb3aceb7865b097b085e6823155ac9bad564506ea56bf7a7a53de7a3419c35246e20511a8915bb055c85dbcd9fdf3ace91376334a82f4664e33fea8ac9163863590f1b6b66e6928305f45c7b79d10941b91fe9394726377f3931cf59d675acde1c7d1d4b94ea3076c515241579324569335cbf67a1f5753eafbb53646319ab2a8f8bc92ba06299b4372fc3d6759d15966117a9f7ef6dab2699b2a969eec4621c3b3850646d4acde5a7a79da769f5a1096ab25db9cd8ab76b75718ed0ac62eb21d6bace9de9312196d06bb60bb23a6182aa3fda3e39638f9f1c7497d7353e93066e99a446669408c52fdaef8d616f19aaaf369d6759d247f21a7f880fe1084357567ab39c89c644fdb18d2aae5f02e28ac5f5e91a728d4c64ec955f8c5e07c8e11318aeb3ace939bf2a1b8bf112fa0ce3dc6b4e55469b329bbdd294130d551143f7fb83bef84339bc38bbbae7e71fecc759d674aff2a1a3f8d8469ebc4019517e5be2befe3fedd40bb663770cf8e3cc73f1fcf3ce3aceb3a15f60de0efbdef34e11594a206592f8a6473f68bfaf50f61ea31eef4cd484bdb929f0aa53cd644c7fe7aceb3a2e350b0297da8a07e38d7d696b319c6b4f985371792c7f929a797cf4a34b7eac925ee52497454a8cdb288621fc1c7c6759d7445fd6c84d7d8167a5a9093a49385bb265375bb8db8bf744c7c8753faf7a16b76e0cf64a37b77c2579cd08d2622f8f1d6759d6ecfb240514d3fe09bad90eb3aceac482fd33b39eb4c869c193ce2b83e57072657e3abdfa0fa14b4771b8932ae0e0f81e52ff00f5d6759d7173f23edd7c3a78209e4772ed98f44e9d275beb3ae5d97eabb23a8f6b7d6bb8d28d60cf59d6758b7540b28fdfa6da04103edd6759d6671723a7839d689e3a51dcf70c655d6759d043278b3fffd9, '2020-06-13 17:41:18'),
(005, 0xffd8ffe000104a46494600010100000100010000ffdb0084000906071312121513131212151215150f101012161515101015101515161715151515181e2820181a251d151521312125292b2e2e2e171f3738332d372a2d2e2b010a0a0a0e0d0e1a10101a2d1d1f252f2d2d2d2b2d2d2d2d2d2d2d2d2d2b2d2d2d2d2d2b2d2d2d2b2d2d2d2b2d2d2d2d2d2e2d2d2d2d2d2d2d2d2d2d2d2d2b2d2bffc000110800b5011603012200021101031101ffc4001b00000202030100000000000000000000000405030600010207ffc4003f1000010401030204050203050509000000010002031104051221314113225161061432718123914252a10715c1d1f06372a2b1f124253353627482a3b2ffc400190100030101010000000000000000000000010203000405ffc4002b1100020202020201020407000000000000000102112131031232411322516191e1f004237181a1c1d1ffda000c03010002110311003f0083e64faad8c93ea9689576265e7d1df631f993eab93947d501e32c32ad46187cd159f34961956c4ab506c663296fe612df11678c851ac67f32b7f309678cba12ad46b190c85bf984b7c559e32141b19fcc2cf984b44cb7e2ad46b18fccae86425c1cbade8506c63e3acf1d00245bf116a358778e57627297365538916305f8cb5e394382a40c4024a262b7e2a8b6a88bd63049996bc742ef581cb1833c62b3c72a26356dcc58c77e3958262875db56004094adf8c546d52b625ac346bc62b4272ba2c5cba258c6fc72b147b562c029e265d09942232b658ba088409175e2219a1481031d97ad872e0852c71dac133c45c39cbb7c74b36a01380e2b7e22d862e246ac03b122eb7a89ad52358b04def5231cb9312ed8c4024cd52316474a668091b188885d08d4cc6ae8842cc0c5aa462d3d6468982224617340b739ad144db8d74eb43a93ec1051b82175cc313860f1a18ab77fe212d26f6f4201a1c73f708c229c927a349bafa76059df11c967c2c77160fe278759f7e380a0d37e212f936cb1ecba0d734388049af30eb5eead7898fb70648db931171a0d3e2d47cffeaae179e657c3539bfd5c73d7a4e0aeebe0d348e55c7fc43cab2fe314fa2922c52a2f81b00b30d8d75121d25d1dcdbdc7a1ee9f88c05e7c953691d8aeb200314fa2c38a535e10d3bc206144b1515c8622252b86058c6431a25ac2b210896b5009c782b9744892b47858c0261588958b00a3f82b97428b646b991aad64a813c25858886b169cca5acd4451b394532243828b64bc20c288e66f0876053cd2216d64664e021dfd548176d8d10113113144b190a99efa41b19234e628815cbf2544c92d648d616d0a70866bd74f992d18243d472640433e6509b28f535924994b714c823115db414d485b1889528d6718cf918f134ed73f7318ef47bc80d27dae91b1b4ad60477a9e10ff006901ff00ed1fe49f857d6272bfa47ccf823303fe506a103bb18cb721ac240dc458f297573576963ffb2d95f298bc6c3f10037b5d94de40b21ae7376170eb567bf0bd89d818ff0030e91d4246963c5bcb46e22b76dbae9eca36e0c4647cc1ae0e6f88f1e7259bfcc0b837a73c9fcdf72ba3eafdfd89ff002ff1d7e1bff879f7c28d11e244c049af146e3c13fa8fe51efc91693686ff00fb3435fc8d3fbf3fe2892495e7c9fd4cec8f8a0b9b380ee97e4ea43b150e5c452c7c66d68a036338652e4c2062074fc74e31e3a598512c512edf4174d2a0c87a013874ab973d2fc9c8a518cbb468161de22d282336b16315f63d7323d422614a1926f455a2564e245b2e43b1eb1d2128d1ace8bb95207a89ad5200833236e58c6ae1ce5a32d2c60c89968d871c2558f91ca6916470925632a24923012fca700b59f9f496fcc6e28c62f66724648093c22a08880bac78915210022dfa0240cf7a1f7da99e2d4b8f8f68dd1aaccc665a631e1fb22f4cc008e9e30d53721d4454ec50020678ebb2372b228a0f267b59599d1035fcaeb40a76b3883d3c33fb39ceff0004af2b208477c000c9abc0472432422fa588de45fe4ae9e28d4ace7e576a879f1c398fd4b243a32fe3143081bbcc2263836ebca3cc0df4e137f82e16c70e7bf608dcd8413d39db1ce7cb4058e9dbb9483e2589cfcfca2e65b5af877815bac43134868a278aec79e89f68ee6374fcd2c6168f0a5636c18fa3241f4f517bef957f6732d89b48358f08ff00650fff00809963f281c28aa28c7a4718ff008423e0202f365b3d28e8ee6850671b946cd30a401cae564163182300298be92d6660f558ecb44161c7210f2bed42e92d6d87b20605ca6da8236a76cc50569f8016b350340d34b11ad680b1609e716a48ca8630a5269751cc4e0290350b1cc1158cf0e4ac64130e292b59188e09a609014998e1454bb64a75c15a91842824b53663f95a6b7770aa4886324264d97ca86f0abaadc8e1d0257919600728972cc28492a77b7d94b09da9af02d64298696a5793c218c9ca222704b43d9a8e3298e1000f2b963452d78802479192a2c58d28087d5b3001c255f3d412bcac82e2828642e58327c924ac338a50b212e3499626977d551d2115b123e173ddd38561fecce1dbac463b88e5bfcc4eff003450c40decb7fd9cd1d6a53fcb1487f6631bfe2abc32b912e68d2186a58d27ce65b8c7200e9dfb4963c02d01a0106b91c7508d9dc59a567b8b481b5e2c822a9910e2ff00de3fb2b5fc3dadc324726cde18236cd7b849fa25a6882d1d6874e7d8948fe37d559369398c6ee076c429cedfe59246814e1fb7f9f555528b77624b86516f1aaff2252ca6347a35a3f60a21301d57790f4b32e6a5e79d9a26cccc0024336612ee17395936694fa7e36e2a8952c936db64b8e1c7ba2980f74ce1c0002c922012b958fd4e220a56b802809b2c3020e5d4ec5da14cd68b663cc2baa95f28a54566b241ea8e83572eee8b83329a1fbe60b492fccfbac428d653db259446d2470836b0da7d8118ae574c9d108e44ec85d74519149b5179900ea974b28050d86a86b8f905759390e3c2131a51c2605ed53786516508f25ce0795b867a44e6804da4f392151651278631c8cc15d50cdcc17c94833325c10cdcc555c423e42e03202c9a7f45578f522a666a3ee95f1b0ae41e199751e45248ccdb45c13828388548771669a59f32838948d8ed2521ed85c4f2548c889598915a678d02472a1d2b3bc2c7ef48eddb429b0f1d43a9c3c153d8fa427ccd5a8a5b87f3d8d3bb2616cadf140a9a26b66708dc01236907b81608fe143663bcc954593263ca5c257c6d7b8b816b9cd6fbdd775d7c51ad1cd3927e57fd8b7cdf1965635ffde0e6eef3911e341cb8f5de1d1b29debd7ee94cdf18646431b8cd2e7c524910940c78218feb6d38ba268ee015ceabf16646d021ca0fe3adb1ee06bf99e12fd0750cdcaca86332cb231b2c4f980da1818d7024b8b4015c74eea8dcaadd7e7fa08be37a6eff00a7ebfe8f4b301280ccc5a1d15a998e292bd49940af3d1daca1669da790ac5f0dc7b8029667c21c6fba71a1bf6854978938ecb1bb1c52afeb1206829acda900295735b7970349121a4f05733730b90ec2e2b663a3ca3e26821743c10d8008534c46505cf8202320aa4ad8c912302dadd80b690713c90d2c8720f4526a3383d1038ed249545ac937b25ce98faa4b3e4f29e498d6d36794932b08daa42849d98cd4084443aa93c219985ea888302916a20561adc9dcb73341084de1a51b84d2f291aa1d3b2b5a8c144a50f6d2be66e9c4024849dba6071e5563c8a894b8dd959b59e214fb2748f4503b407116d4fde227490b1b3908bc5cb2a3934e737a8456169c4f345675465638c0c94f719bb925c6c170ecac3a5c04750b97928e9858663c548f8084265e406352e8729c4f0a5d5bc95ec916b826010ba9cbb810128766b9bd9491cc5e784bd5a0f64299b0892a0cdd28be37308e6ac7b38742ad2dc7dbc90b631c154f91a15f1a6790e3e9ee7bd8c045beb693f4815649fb0bfd97ac7c1f871e3c61ac1dedee3f539dea50b93f0c62b2581f1b5ed26274db4c9b9a1dbdcce1a45d77ebdd3081bb7a2a73caf04b821592db14d6101a8b2c584262e676ea8d7b2c2e6474b295a9921fc22b15dc7a265369ad326e2b9c889a3a527724228b216c64f52896c008e5013e586f0b866ae01e4d21d5bd06d207d634e0390abb1ce5aea2ae19194c7b6ad5726d36dd601eaabc72c5325359b41703370b53345273a5e9fb63b212ed40d0e892edd0d54ac837858a0861279589a902d8ba105dc264dc5da133d2f019e1d8a41e5117b7b847b5b375a42b96600d28a5208b0119f21b9d7ff451e6c1b781f909d342530095c0283e64947b308b9bee85974f73784d685c8a9f6e77b2b0e913068e7f74b7c0a3eddd12dc635c15a4ed51a38615ad6a4daab55ec5cd3bbd9307688f7f5e543fdd9b0ad1ea951a5d9bb0864fb88f4567d3218dcd49b0b0c38029ec0cd82c051e4656085ba9e983a853699a6803b238b778e56bc411a5ecea86eaaec9863301ae16b2e56b07093656a22f82ba7ccd91b57ca3d1fb376fb0bf50d40bba73ec987c38771b3c29b134960049a2877e36d2765fe13369aa42a4d3b6587321696f1484c19d8d35c7dd57dd3cd75cd28a4c594f2094171fdd85cfdd16bd475260e07250b8d99dd55b7b9a69dfba61067340ebcacf8e9014ec7dad646d920ffd9c5ff13dce4bbe7fd6d1dae43bf263674d98b86dfdd97fe2bbcad34065f7f54dcad29645e24fa9d68535b8ab3cd35054ed02121c6ca7f96f35d573cf65e1a3bc99ec202469439ca04d5a2a399956e70a42986d0bb2221c929363e9cec9976b6da3a93d13797303e4a6f2ce97d94b879cc89f5fc47fe4ac9b8a24d267517c31b0f2e26bdd1bf2a050e38443f3da5a4df281c7c8121367a246db1d24860e9891b1bf64bb57c5716ed1575c15199e9c40bfba8b27512d04937c1ea82bb3368eb49d3dfb3d5626bf0be633c1b24124d95a45cb2649514ed2b3de1bb5d748999f7c8e4a6f17c3edda0da0f51804429aa969bc13a69645df345889c4224164f2abd9f9a41afeab9c5d45cd1c2afc6eb04fbab2c91e436325bd7dd32c311cbd120d2f10cfc9343d5712bdd892d5f9149c6f0b6514ab3e86fabe961a090101a7c37c109d0d563962bdc3a244dd4dad7503c93c15a2e5546928dd8c229f6df1d1079f1ef162bdc29592820d1049e522ce9fc304b5d7ea118c72093c0cd937874983b526ecf371c70a832eb0e7bdbe962d58724095acec9e5c7ab1633bba36351797d37a5d2875ccb7b401cfa22cc4d60041e5411bc48ef372165576677a17c4ddd1ddf3fd509a764383feae117aeb3c316de891624c4bc2b472ac949d3a2d2ed45e1d40f1c2b4e9790d6b2dd5f954473c820a6d8f945e36a84e182d09e472339b2ca5ad03eead58982037902aac9551d1b15ac903bdf957bcac96884bac00d1b89ed4077509e1d22b156b2563e20d1a32db0402efa7d4baaf68f5240e8bcdb25af64bb03b70dcd04807b9e6c1e42f418738cb1366700030178dc08209b175d2d24d69c66c9849040682001c5305517fa5f657e1934e991e58a6ad0ebe23908ce21a09a8f19a687f2c2c4ca19b780d71001e39f5ec12cf88734c79f905a05820037cb5a18038d7714dfba974d7365cbf198e1e1c31063c7d3b9efe84fafdfdd0e5cb0f162233c4c50d75069e3abacf987a815c7a2e73dc430bf76e1d98051eb44137c55a38cd54e0450f5144dd9a144837557e8e41ea32131c967ca439a2abd2cd1ae3b0bfe8a09e4bb58299939be1c8d90fd3b49205fa91dfed695ea3af35e0b46e009bfc21be2d7b44ad0377d24975d875b8f2d1d87081d3f09d29e0f02b711c91640e02ef84635d99c5293ba436c2d6837cad04b7f24a6f8f991bede438387404146e8fa2b31c095ac2edbb897beb96f635d2d6fe22c7f158e9223b5c7cce008209e2ebd07751728b952fcca28c92c9a196e05be8eea8b6c445bae92782776562960a134365c40e768ee4aaebb549e321b2123b8fb7a859713617c891e8781901c485c6b1820b1c1a793d126d1f5232586d6e02c1ee7f28f665993eab0475ff00352706994524d0068f90626ec75821620f2e602475907d162670bc8aa5583d20446aaf84b355c4045a331f516bc70529d7b3cb1be5e7d94a37656554209b4d121e9d2d09f2cd076a6ba44ee22dc3aa2a7c3693b80fb857eed6191e89e505684c6b63a3d557be2fc901c1a7ec13fce01910774ec157352c36cbc9779c0b1f6f45387958f3f1a2bda7c0f7cbb038869e6958b5ad3db14563ea1dd2f6b36343ef906ac2972f34cb191563b9566db69fa22924980fc3b3389712eb1cfec85d5cd3e81ebd917a662ed6b88347d16e1803ddb8f253de6c5ac50b22d3cdee1d3aab3e918c5ed377412787229e5a78e4d045b351732837a5f3f64276c31a44ed17216b8d760a5862da0fe47eea501b3bdb42abad2b3e8da3c528249f2f4fd94a53a2b18d94fd6b0bf46ed56f4dd2a579b630babd07007a93d00f72bd2b5ad0632fd9e36c881735c0fd65e1a486b07f15d1e3bf6520c7f9584362fa85b8d1fada373ac9e375822876a1de934796950b2e2b626c5d11ac8a374bbbc47b4bb68236347636470ea736c1f43d92695af633c5b66cdc5b77d40165c38e5bdafd8a7587333cef9e2638bc886714fb6b1e7ab89b0471c3b80dfbddeb09aca9d926d7cbc8b702e26395a7c32010050b6b4f4bdb5c0ebaeb66afb13e9ec2f6d870b1575c906b751f435cd29ffbf2321f04ee0cdb57b81ae45837744f2081edeeab9993caf95b0c6e2f0f69126f20ed3bb9735eee7abb716fb7e04edd05b26d8fc50e95a4c20932484b46e7b400cb0ee1b237dbd7a05ba47d87bcbd165cd9192c6c1134981ce11ca6ef73373846f1740db83413e8474e0a5f939cf93e5b1c6da1243b8306e67939faba12032cf3c73d5733c61d0b58d9280f0a32191bda7603cb486b039a4f3c01567b22b0652d96569da63693b241b5db9f7f5177569008e2cf50784ab190bce0dca7c6cecb7d35f1efddc814d6ed0edf6eef4482d35f9284f8a9d2fcb39b523587e92d696ee92eb68e2c81f73c135d105918edca7343be90e2252de0db07416083cd58f64e327519626481db9cd2eb82269120111787075126c8b693db935ea4bda605a68de95a8be381a6663db235addec68dfc8e85c1bf4d803a9ef4575f10eacd7c26467ea6d731bb586cfdbd03c58fea966a40c423920613e2b9a5fd83c1fa6c1ea7a741fba0327186382e8819492e964692584f166c7d26b73bca2cd3875ee171c6ec2e6d2a01d634739134cf639ad0c222633aee781c32f8a279fe8a2f85648c9119dd6edafb34d1b81fa6d4d0ea4646ee6bc8236bf2770f381b80dccaeb575c9aa02c75b4d23bc3983aa9be2788d1d19d7a003a0ed5caba4da71641b49da2f50eaaf60d8396db5db0d0243eebaf00f1d0fa21dd278923c38034e76f0280e6a8d0ed4a2d472c329fe1bb6b8b5c4368f865a0512dee3923a7750cd96c1235fddcd6b1a4fd06fcceaaebca828fba2cdfa09924763073e3bd8f25b24400aa3defad21350d31b90e00c9b1cc2185ae1b81045d8aff0092631ba3dad3b8ff0011baf2d1fca9317c01378e5c0120ef20f1b40e5c41e2fb5a2a759f6671bc158cabc6a735a4071223907d0e00d1fb1f64f7175112445bb9be211cd7faea85f892563a2b646f643233c46077fe6871dc40fe1ed63dd5670f1a489cc90d86120eeeada3d8aad29c6fd92b7175e8e731cf61a75dd9eab15af2b15995b5c403c75e816d15cb1f607c6fd0eb4ac473182ca96778efca124cb2eba3de940ec825db6bb2e6acd9d36a8360cb0082d1c7f553cb940eeafc25917948f42bb9a872d3cdf443ae4d7808cc2e7c2013d292dd4250c00d02edb4530ce7792ba5a439b11a1cf03afad2682166c1a405c1bb41da4f9c7b2b93e0c738db5a5b61a2fa5da558e636b1b5764798243aa6197487c373803d403c266bb3dd013eabee308f48326d20d0ee8f97416b1961dca0b499648a12f71dcd6f5f5013c8b3dae6070ee12ca52418a8b29fa96935235a0f2ea368ccec311c75dc0ea8d9d85f2b5de9d130d5b4ff0015a18ce5e47f54df26ac5e9ba2b3a1cd26e1c706813ecbd11998cdbe144d1bb6ee77206d1d4123f079efd3d6abda1e0ba08e789d6e737cc25600406beda4b0f523c966eb96fe56b4bd3e56644ef0f21cf6b6dbf5875b8920bac804b9aef28fc57713a931a1690c4ca192c6436fcb348d0368f28a75923a5d8ec3ab943fdecc8dc5d90f11c6df0d81cd693e6209d83b71639ec88cbc0731d4e2e6399b8beda58dba0e6061e8e049af435ecaab24427680ee03ded9cd5116eb2039b7c0f37aff000fd92a8a7b19c9ad0dce3bdee648008f68607b016b98f63db4eba2411ba8d73d3b520335c1d199fa16472c7134b8d7881a770693cf01a3d891eb65778b2c8e71696d31b26c7169a0e05a6dc2f902c7bfd5fb4e2d9144f948b0d218079b68b2e2fbfe6a007e4a65815e4e22d3cb031cc20ca19039e1c2bc47590f21d60720115cd96f6e08033242f9cc2d73d8d8e490bcb5db5acdb47cc4f506c73f7ea8ec6ca7ed6b491cb4db5d6e1b36901fcf2eea08fb9be692ed53ea1335a44ae65b43797b8f941dede7ca68751c74e3b346ef22cb5834d64afcc11c2f750630922cdb59bb6b4df5e1c3af3fb271144e618cc919692d73cc679658db4e71bfaac0aef57d2ca1b450eca2cdc7c29a3daf12034f8a2236926f816d0d078eff0084d26c37b1c2395fe714d7baf73779683b493c5720f1edef6252cd062bd8a59900bfc7daedadf1986302ac6c2edc0f42d3440278e4f3d11f93e58da220dde4b5ad90d18d916d2edb447d1b5a1b43adf6ed1df890970a6c91194003e912171f2beb90d3e5b04775239a1a627c608b20edadcd0e0dd941839b05c0fdafee836148519533e26c0c8f739c257b846e24ec6b5fc36aaf81b85d9eb54bad5f74a7f44ed7465efb15c35a29ee783de9dd81bddcf08dd523df3f9c39956e89ec16f2e71da77037e536fbf603f0ab1b31ecdef781e2b0bf780283e3616b01efbda06f27bf953ace508f1862f9e26c4d7b5cd3b88f11ce70f33a27f0412388c92685122c72a36ba9c5af23f4c35d03beab01e5c5db8ffba41fcf4e53cccc40e8d9202e0e6873d955d0be98c79be5bbb70a26eeebd107a8e90d2d6be323713b267347e9b9cf2d0280fe125de9db9e47348c93d88e2d68758d915b3cad703b41776a37e503d00f5fea554b229f2922db309bcad22a36475c137c004f3ffc82ef0b50931498e40e7061a0db1b5a2f92dbeb7b411cf147d4ab1e2c21ce749091faac8dae15e2c40b45b5ce07b8f4e002d3f85ae81bee4183086e4c61cea8de0b2475ed8c582075b0d363faa232082f9632c6be36bbc36b88f238f05cee3ee02abe70730070374e648f6b8912b1e4f2d20f25a7b5faa6da665897f4f96b69f332c8ba73bcc3ee0d7dd2ca1ec3197a0fcbc2133769e3c30d6d03e503d82259a6b2463a373c80ead83a035d7ec96c392e6cbc0b14c2ef522b877bfa27588d2f7eff002b76b4b9cdba0ebabdbfb29b6d0ea980e77c3f94caf09ed2d00358cae7601d6d62ba699a836569145a58e2d70ebee3fa10b127ccd61a1fe24f2995fc8c06b49ae2ad4f1c4d2de9cfaac5896dd0d448cd39ae209edd90b244d74e055003f758b164d99a06c992dc476081cf02dbc2c58ab126c81cdb24df41c2ef4df359f404fecb16277a17d8268f099f22488bdcd611640eff00ea935d730bc076d8dc6836f9e56d620fce8cbc6caf689a8c934fe19750b3c857ad458620c2082f32360dc4746b80dc6afad12169623ca92923713b8b64c016c8435c453185c7ab9cf037137d81de452832d8d616328b872d166a846d7b0506d01f483c2dac502e0dab663cc4c2f7178dfe180e374c21a481f87d7e123763f82e01aeeeeb2459702f6d5dfa014b162a409c83adbc1dbcb8ee24924ed01e437ed66ff089d7f19a1b1b05d7891c80ddd6f24574e471dfd562c43da30ba0653e4be7617463b79437a0f4e8a2d55bf2a496f25924ac24fd4e0e6c5255ff0008b755770b16275e5423f1b2c5f02e435d23dfe1b773e3889e4f1e72d755575a079eeaeffdd7198e835b7fa80b8b438902c0bbef400b58b1427e4cbc3c5146d7b15b8fbe28bca0c6d321fab7c8fdc5cf703dec5fa7287d1739d8ce1b69c4d825c2c9ddb9c4fee05faac589d66223c489755d41f3901e450712d000003779007bd7ba09ac69dc76d38cd0b4107cadf1010fa69f6bae78b58b1158407b14e066b9ef31389a85ae64678b0d2e06871db6b6aefa2db5ed6c4ff202d0e73c34d6d16f8f1f6d57029c5dc77f6e16d62b5649fa01d67077887cc6c35e373bcce2038d0278ff00479b52fc393169f0782006497c8e5ce03917efdbdd6d626dc3226a61bad42d9acb9a03ded01ef176eeb44f3c9b60b3d4f21518bcb6882411d3f3cac589b8742f2ecb568ba81790f2d69f2863da796b85bb9f629bb65dac2eeb5743a552dac519a5d8a41e02be199dd72b81a0e2d3b7ad71ebdd62c58b9793c99d30f13fffd9, '2020-06-13 18:00:46');
INSERT INTO `images` (`Id`, `image`, `uploaded`) VALUES
(006, 0xffd8ffe000104a46494600010100000100010000ffdb0084000906071313121513131416161517181e1a181818181e181e181d201e18181a1b1e1d1d1e28201d1d251b181a21312125292b2e2e2e1a1f3338332d37282d2e2b010a0a0a0e0d0e1a1010172d1d1d1d2d2d2d2d2b2d2d2d2d2d2d2d2d2d2d2d2d2d2d2d2d2d2b2d2d2d2d2d2d2d2d2d2b2b2f2d2d2d2d2d2d2d2d2b2d302d2d2d2dffc0001108010d00bb03012200021101031101ffc4001b00000203010101000000000000000000000304010205000607ffc4003d10000102040404040404060104030100000102110003213104124151226171810591a1b11332c1f00642d1e11423526272f1a21533829253b2c207ffc400190101010003010000000000000000000000000102030405ffc40025110101000202010304030100000000000000010211032131041251223241611371b181ffda000c03010002110311003f00f9bcef1728391280a1d4e9035cd4a9254b2537a3f62e041264b2120b8cda1caf9b93eed16c6202e58e1a8bd19bf788c918354a54a520a86ac41622ae0ef4bc44e9ca4272fcdc2cad685c3ee5ae7cf785d5854a12051f427734aed783ca484ab324a4253426ec6962d5fde2066590121c8702bbf98dc42e9cea05cd0964924bb16a79b8ac1449a02ce012ead4d6cfa8a9a44cb98852785419ed66007d00778a2d36697f989039e509bdcefa7681610199c4e4e60e37497341a97fa45f1520ac709043ff00ecc06da40f0a1b23a72d92aeeeda7ac01713c20392b513db40edfa6f03954979ad573a17a5e0b3e525241483662c2d6e5b3c026a331cc924ec1c076b5ba7bbc057098a7cb9926ae436d606dcbd62b3661cc328caa3ca9cc925a82b0fa2780a29206660a73ddc3e82a34899d392a053992e1f376eb042335810bccf9934258733427933f2104fe2be23a9c06e1490e2bdef7b1fac09280c94d5412729deaecfaf286668c8330173f2ddeeda50b8bb1805152d0260330853573a746b071b69d22d8a9644b01c934673637bef5bf28ae266242437ca14dbd762452fa4392e7835a02588e449ad1aedaeef034a044b20b8d5d8355577ddde16560d4141a63bd12487292f5a51e35251b59b46a9b6ff00778cff00105a5aab7cd4e11515b51edf482bb17852b66e10dc4f427a36d486bc394954b54c24812d3c2a3f3177028056d7da10a14b9590f4a7e6a33529dc469994f952c12007581fd5564f403cc982179387798a9a54e8a3547111f9872a9f3300c749536695ad55abb5686f422c234a6121c5296d869ed03c8ce4f087772c09d7dafd7ac5bd24ec860a566a920b30a72fbbf38696920d1440d828b7b45a7c90134009a80450d77b3e9004495b7c8fd9a26976e908c93332412a20f09a8483af503ebd846739524070cfdced41763a6917c3b12329d19ddfceeffbc5144cb9852411a666d5ea09880b82946ea1f96d7e7db5f282cfc182948292003a9d68e49d4d7530133c255c23872b1568f4f6fac1d58c4ac3d8d891a5f5b96bc5556562055c8667ef6d350d526129b8948565091975b6b5ec7786e4ca1c44e66b9a3851b3d6b4ae91cb932d82d4789dcbd09edf4fdcc01707390ca0c59ac03373e9019a90e1f524d4025c0b520539652b052ee69ab07a30dc97d5e2f2fe229a58a8055c4f76a75abebb44065a54c015329c28db9dacfa56270810925417d6b42fa3e878adf67a461f33294c909762f5156d3b57a424824a7848f9940967a0e40de900d4d948e2a8ceeee53462cedf778557225a5495b926aec1ead436a0d3af28be1f1416a296748fcad7bf76adab064a9d45411992a4e50c1b2b9b8dc72e660270d2396526f5d41176f3ef1d8a49208ccc34d5c7d207859612b2fd89d6ee4f373d9a2d864fc45af894e4dcdb2801cdb5b7945039183e028041cd73ce8de94a6d17448ca52b4920000166a877668e9f28a941a880728a977b59a1b4a38929cc55bb1660396bdf78047198b59b0e07ad58f70233711872482a7350c343f7411a5e269cd352428a40dabcb5e748166601c15ac1b10e4dd99a9e5bc116c3cb51524a501921aad616e6d1a585999dd46aa24bb0600bb5232b3af28f859525dca5a96d09ada9f66289c54c4a50aca5455f30d0872053735815af2a66ee2be7702b064d697fbf484a4e2d2a195b22943e5550fb6d12974d2f5a35beef4fde3288697298bd1c6c3eebce28a1bfb457f8da5124b6c348a8f121a071a101e9a43614f0f0c65b820d49f32df4f3e70c6270ca593c57d5adad3d6d58925aa9357609dbf2edfd222705454c49abd585059bbdafa462c8ae1d5f0814ad2541dc3ef46d6cfbc5a6a541202000fc4435817245694860283ff372312d6d2c0f3bbfd21ff10f0823328cb9a84fca959b2859c06600e801eef13631805312a505317a1bee1acfce293272d64b24920b80a2036e5f51a082c89a9528a18800fcac4bdc926bcc5e2988c425398060870e2d94126800d3e8228b0c5150356090ec2ad7d55cded118506695289240f99ac9e8ae6ede7044cb944249ae8135ab9d8575d768acd90b058171a8b00905986bb79402b394bf925d13409a93e47d7ce2f2642870a525c86a9f95b4a7d368908cc458a82b8410ce2e7d1eb0fcc0e01a248d0f0e847131bb72fac108238782e7716adbd5affb468a2428a53c594b5fd0b0108c952121ab9a87310c97a380ff00748d01354a1666a17afdbc161409cc32ac711258b9adeb43d61ac40f8680977cf6a3326b46268e0184fc492e96e177cac69d83805ef15c34df87252a202963f2aaa140060ef5db956201270ea0a565664901096a58025bbdf7834ac6140fe602ea34ca1db5aeaf5a0d84449c6059cdf0b29621202a9a1e8cf578ec220898bce05400c49166fe9fcc5cd7468a8a4890e7310eab11771f43583acb542731d3291537dfa5a23072fe1cb749741a97350343b50375ac0d4322cad0330afcba92c7dcc03670ec0115497538a82ee29cf4ff00714988198ed95afa0a75dab13391c4003948bd3462dd2adeb159b856ccb04e748a680b07292d66e900b4f9a8f88492d94b822b4636e75b42ff000d4260c8ba2c396a849773ed78acb482412384d192e4579c333242804a9272eadcfa6d00caff00a5659e85831b1ccc750c21048200095a086a12efef0e859cdc441395405185524387aeb03c27870520159398bbf1732daed00c9c2a024b1cb31ed725ac685feda2c995f058a94a5926a5ac68c1b40d73118049cd94874a50eefe4dc8579c171f390949465ab53ecf588ba74f9a8287a1ab1146dbef78894a5ad090a341401edcd9e9d39421835281cea4962587102cc4dae75bc3f22716abb54a7c9ef7353019b8a5aa58e13425fa7db40d521c28289ad534df7e5ecf07f115028097a9539e8053efa45f038644c2094d800ee6fc8768a2267862b8539a8d66cb66fa88acdf8885a524053860472a8151436ef1aeb4063572cc9f3ac64ce651014e183dff0033f3bbbd85a910d2128394ac12a39aa2946770075af94353269f8890dbd5dda946ad603e1d86ca924dcd490e6bfbbc462594190594082ed6d19a9b34541676241565cbc4d44dde8def5dbeb0bc0aca1d2e39370fe8616c2a4ca51248525440cc4d459f96f1a736754e62cc35d776f331159f2f0c4cc0679e11c4a361e7bbb5e265214a434c01defb82e34736fa4504e4cc2a6048d4e835dafb343b2f0f3143e7ca0b540634d6ed1749b2a65208212140a4d9ed702b6d748b2a5e40a7345bb662d6a02fead0d4cc317cc092c920a7d68da92200ac407426a0d99be6a6b7a082f9026a3327e114b528acc40614abeae0168acbc210402b27297db43573d5b4bc1569428152c664a283306efcea6f10ac3950ccea4850660e5dc720e0dbd201b94a0ece4a8b177661561b6f08e37c46590529cc29c44d4a8f2005121bbc5fe0a42932d5989bd41e1a3574e50d2a40154804b7407af91680590a47c371312fad838b52be97a18bc85660eb07fcace9e5ef08e1e5a55303a431144d9cd5cd767f48d2c54a0e42aa9200a1203eaf6fa5a08bbb8ae52a705c69561dff0058ca5e14125ca4d4d5da1bc3a54842920be50d4aef407a40518596a014e90f56fb30532a98b92eacb9817a5017ad5c727f489973b32529550ab8801735b7d1e2f8b9bab050487b81bf93ed585a5620cdaa01ce2cc1b26cc741da2227c46670a826e0b1ab732e3b7945d3301584366a3b12192fcea48f685e5f87cd98a75a8148b1715d2a0d4753ce1ffe1d32d2a53259ae08cccd6201716fbd0a14e0a558074dc69767ad59f941f0b3d402533125c6dadf57fde3265c8525d6090160a4d77f710d210a2e144543528ee0355a8db6af0367311358667b1b1af26d6ffa4253b88662400ceefadfce8f58b621961921d035e8d71daf0299836048170cccfbfbbc042e6cd09ccc73119599852ae6bb7ff6899eca23e6b8cd4ae9daef5efac182789d2469455f28ab3e9ef12389d59ce50e9b65763cddd99bb40d199b2d090e8a0ad7e61bebd212054a625ce7000090db5ddcbd1de3b10480cc1ee73330623634fdf9c5a4cc495252fc5527972d81f28a945c3c92819c048028cb6bb39d6a038a1d5a0f2a6b017bebd1df9c031894ac64cca640a8482a00f110fb17af78a7f332970fc83027d3f680d24cd4d817ad3bed08e3c02420303a9a3ebdcbdbbc011859993e205a8dc68c4b73e6f681e130456bce5f6539b9e4da0fd6068544853140232b6cd9aa7c8feb0cca96a6363735a1ddbf71b436b969a52a68ec39bda32b1a0a58203d46b422c79d09f282ad36429652a620825f31b0d99ebed065e2658e152c024b70d5fca9e6dac08e52140d3286e1ad58e8f43ce3960299247129c9200502d5a569d208e9694829c8cb60684d4837b7588c4ac91c2ee0b17d77d75b3d6f169733329be1a92c28a22c43f2a5f78be1f3298a804d4e500b8a82e69f753050021d0c784bb902d4a80761515a4165cb0402996540eb9807ff009413172824e76ab0cda76bf5315fe0b3f184a4e6ab915304d970739502a64b0a27952ed51782787e21284948a392c54c08d47a53b43385297096163c4357d4d6b5da914c6e1d209296ccec69a0b8bb1a3c45070f8a1a86cc6f6cda077fcadebd62262f8d590872cc9b84f327e91a43e095273121594801be53eec793c252e7072258752743c2e1c87376630d81265304e7ccb2c733967ec451a3b09e2012acabc3a4b86cc54a013a02003dab049d2d46a901efcdc52cd54f940b0d872a99c641a53f4ebca1a0da56840072b275ca586cee5dbe90138e94a39519d29b329dddcb971dba40b1e8506003006aadb6062c94660f9d496d1bceff00ac04ce015fca48290cee09a31a77bf9c5d0ca4b14974916ad9b515fb309cb9656a0b072a9ae36b355ee5e1a34486662c0921cbd6a401bc54570cb0b51be52054eace081cbdde29330ce9565d49cb56b6a2de507520225919e843171bedead02fe232a1c7170f09fcb76fbef101a4abf9691542741a93a1eb5f585138a5294a092a25aa19a8198e8cf4f2818983295e6758a972db1a0af3107c3e265294321e16e2dc00d7e56f58a0c8989580784149e249bb916fa3c3184c42024a4d155d742e4178573265e75254e522ca3522acc4b9d7da04a51cc494bee01d0edca9114f4ec52024589764b1e77680282730e2e2170e7ef4beb030a4299982aa5f77ede9c8c3584c28202d292aa39355519fb5e0013a52f36549ca9d5c68de4638e2c241130d5dc53e6e837f26832430a0347f972b51b47e5780ccc24b532544b80e1a8cdad28fa7945442318144f104e6fcb51e479c0cca524ba6a4e85e950edb1680cc9b2e582921c3101478bd61cc26292b4e6cc0134e7ae9f77842a98c90a982b9742c49ab575fd20f227a12909529608d285bd208994341bd3fdc0558862d4ee44009052e4051d4dad6762dc87a40310bd2a90f55124977d08d281dbf6822d4801452f989cac6ad6a6a09ae9b457e129cadc80d94a5bedf42e37bc45130f2c9502a2a60cc4820ef4b3548bc1a64849259d99817beb95a2c85b385350f5dfeff00d4516b7d2b4662c6c76e6fe5000933887cdc57b1a0d0027a4565cc565ad9750d462c4d4fde90796929700e506ef57f334d62f2b0ea4a12972e951229a1ae9d74816052d8b05ad4fa8b03a351eaf41ce226214c0853661a73a014fb30ce660003c7998bfccf73d2058c1982802524b9a55c8d7a5b91780844a09a0555eaf60366d778aaa4adb28200a9db524500714ac17c370ecf995a55812fe5e5da2d8b197899c0d855bcddbeda002992a018adf5a8f4e90144d4b9465003b90ce09b3c125650a2a70ea166558d5acda93f75aa25a4a870921eaec0005af727410003862951430a9a1bb72822168caa482c4248e7bf5b8b7211a18e0e0656606b5dc37bc26a00280094951d2bab0aec358a94212b2baca81019c5abad5f41a5ad0da66a1b3db4773d403b7ef0be2e664395890b1c5af9369488c0618a5d44e72a2e19da807df6100e19f2921cdab41af300413c2bc41625a4257c1605dd86c5c116da3a6e142ee9490ccfb0dbab9f48119625a59e8fe5d34bef12f7e486976e26da9c8fdf9c273ca40639b28a2833f4b6f68664cc162d6b5da2329cd523500687b7d90c229a0a74a48a3bfd8351dc463cd9425a82524105d8569ade35129fe904dea74d074b7ab42be168cd3266604172fb740dd203b07842014a944956a4d9c6cf019b820e5f37943b3d6e4e5160f6a5817fda33118e59a952c393416bc06ccec3533039598d002e2cfef022aa9295540b3dc1ad00a924e915992d557570b533518d6ed70e1e226611c3bb10cd7a91c24b7944571c5cb21940b919a8287d8bdab5e9059087600821816e6457cb61159928a540924a9980a6cfa741052b08268e376b58105b5b403470e9502199eead46a18c298d0b49a2b31b56e5fefde1c138650437360d5714eb19f36599932841008246875fdfb728a8e197fa812c6a4546b7d7bc42d4e0b165149a74d5cf5f78249966a14a06a6c5c8036d5c91a6e2293d29090516362ce08b65e567ef050fc3a7aab9aa34b0275260ab9c066142e0b93f43578b2f063e1a5d8e50e1b73014a1225ab2328d2ee6b5614dc8dff2f9c0aa4fc45b8242402c5d98b804569a810de1d2901ea15958d6a4b827a934f3302c4cb0a50a04a99cd5acd6dfbf7865738050c8921d2e934bd9cd7a77e901552826586a952f84ff004b3a48e643c5a4a8125432848038ac48b963a7ef149a95704b032ab3176abbd4abcf58186ffb6082c2ae4b10c0f4a873ab08a8627ca2575b38fbd6915c560dd032955ec0d797330142daa9a0140092ad188fbfac35290ab38484970ce4574ad599e9ce00b832d452b880009ece3ef5822117a9d2a28f5fd9f9466cece956748cc487205e86e00b863d6900c4ad6a551541a961572d4b38f4680a3ad1302521d2ef50f721d988a0dcc37326a8d40ce0b3b02fdc3bb11b6d0b227148ceaae8451c86db6b5a1994b4cd5020301f2bd8f6beb036530d885bf13a5245068750fa1b0358d39724558d0d4f376bed6b4218cce4fc360505aacdad580a8ef68d2c449481f36571bb59f9f6e55810a2d77008005081435624de2f2b00181012a06ae52e4bd7685b032c675e7776a3eaf4a3eb48e9b2839caa5b7f88a6f72f7780d49d341048a906ee3cad4a0f585662924b2ff3109be956e8ed142a240fca2e6ee438f2a18b19e9ccc2aa77bec1876a088a3a528086a121f9b3508885a2a014e671b750db871b7a40f2392a570bd1f434bd9ef48627a893c596aec4eae3614d0e9f98c065ab12b9600720d98382ccc58bbb114ee60f86c3ad08517aa98802e9afef78a4d9e6592c9ce0b5406ab31e51699e20108cc45cdaeda3014fa40328465f90922d5e2a6a7b1603b98897350330981ddff293c99afe7b4252a7288cd2dca8a9bb1ab56d05321c052947397170c000e411adabd6008998a5832d150c595b0a801bcab00fe1d52505377343b9b31f377824f4282786e3ed9eff00662be1735391d64e603534350e47268a8b4998c8cac1caa8a70c1f6d8b52d0c4d972d20150aa7422a4d76e50bccca4a5286241cd7a7236a1b7ada0d8b5150014c800dc915e5d1f782a92e7ba9b31399d8b11a8a1d9fe902c4484d081958711b3dc961afb56f0c4acce524708342cf400589352e7fe31ca412eec1f85cff4d587beb04526c94a10e8142cc1c91cff00df2880732b2ac90124eb42d4029da3a54c12cb297624f1114a26fbd1fce23113139aaeca60967ab5e8016b8e70159f8a198e5cc32549b9b821b5a408a4ad4919920b85100580b5f9b438b4808fe580e4307ebcf4710b4fc41428272b859a91551dba076806f1387ce73b559b91b5697b452505a54cc0a451b50ede968b8cf9549492542a384015b8e4442fe1f885245524b97259b88f96ad01384c5532ad35248b3b0da916919333beff0030a75afdd602ac1a8292a517ccab3defb9e7e906c62ca53500822e4da9cb9c00578b0ea605cd8b16b52a39f7a432bf11092c6502753f6214c1ce1f080a30bea54df4e917cef500560231386700a94c79135a5d9ba41979ce82e016a3bd4fbbde2d26790164ba9373fd5a1a0222164898410e92330048d92a4d050d0863fa445556b4392a07e6203027f351c31a38e62018d9ea4e664ea4152682bbeedbee21d4cc4939828f9ee3a97b5b9c0c94d4241a55c713bd926e581fbdea3b0d83ca9e2b9e2276abeb7b42be26b4b007e6cdd6947ff71a01344bd0b12e2b66714a10dabbb0263227240516aeafeb116b43c33297037a166fa5ff004879727a306afe6f4d6333c3a87faba0e409b77834fc7821c8394bf57e843b53ceb017c5cd0c5cb39d0ded0be0a6a582081c3ab3bf76ac261d676ad1ec4541ef059525939890a4bd41150cd5fbde034528003960e4b3776e95682214082c29b837b3fe9ed1d29672820b281a17db9f58e9aa5331622f4d7ebabed48a85a7e232aa96228055b72038b0a35a2aa7617501abbbbe94ddfa45f140a40526ba5b42ff004ac44ec280805246635be50e6ba1dfde088c4cb4296563290135ad7906df9c57f8a00a490750f94d39b69517eb03c461c24139ca565b57e4ecd5bb794165286401459496ab31abd0d76fa446499ab741caaa100568c2967a980ff0ccd57ae6d8b6bb474fc2281cc5c92cea1e40c113867cb9890e72bbf7eeff0048073c312b5829700bb75d2ed7a827ac654c91327331cb94b5cd58d1fca343c531065a3320310a0cabd7a7d217912a62919c0090ce5eae684454526cb5f0ad4f4705ae4ea7a53da1927302124836750bf9d6d1c85b0ab80cc728a38d37ac3129619d5f7de026648416a500b9fd347eb0aab049d16c36da267f888097a04beb7d0db5fde119fe2454a2508749b1615f3821ff000f40c947724d0bdb7ade80756315c763025295167609a8b80c2dd1a19354382f9af572394238dc3e748490e50cd52cd5a0fb6b5444645654c040484d4588d7b5b682e67fe670a5def6034e5605a0783960af2a804a68904d926a0b91d60d88c2ad1992743c2977195859beebac0461a59292a5175358d5855ba58d6204a0431058dc96a106b630c949283910422e58331b576bdb940a7ad49465500a396aad0e8de7da02d3a406013429ad28fa3ed6e6d06c16112a0937614069fbc0306a0a424963c242c86f7e911994950ca54914d0173ead480667c800a5259ea7cac3a75da1798b65a5982555a06d5adbdb9d20e9c3951cf98a9ada00e4579c29889802803449ada8f6b0ab579bc012729658215a39b3311a16e462b819cb04898905b51af78124cc2a50404d9c0b16a7bec690796084b9649d79d2c79b39d62a0cb98ead5802c1880f0742c6c09667dfa0d0bc4a5476b82c0358d5c5b6ed019aa2c4173dd9802edcbac4159d315c8568a2d4d010072685a6cb4cc528e739f70e05c576ff007179cba100708d586b7f427ec4110012949d341ce004a24a582ca8bd8d1dbf68730d28cc1449cd6092cc3bb52afcef0b6124fc55909f99259c9b0a57997a31dc5447b2f0dc1a6580583b9a6fbf7358d5c9cb30ebf2d5cbcbecfede7315f86274b9014ae304f1b127287724022a072dacd02480192082e34bd3efb47d5702ca425350e9cde7c5f58f9cfe26f0a3869c7e1864aea97d370fc8d9f42232c33dc63c5cbeeeab171d255f9350694a3f33d2fa4273b14a0a095b8e95a37bebe71ad8492152e72d54f8690a00dd45c53cab00fe0be24a7570a5c000d7a81a93cf988cf6decbc561c95072a2fe90e61d6129092e08d29f5884ca4a42ca49a56af99b67859465f33cc81de2a1f138281c89399db87bd0d1a9d221136a900549bd0b967a3dc507ac5b0d3c9040f9544e806cdc44d0796b58b0c4710cb5003a826e922bc3ab9634058c464a4e25219828acd89a8a333b53f780cf99c24e808cc406636a7d79433366cc5a4cca20005858ff006bfbd37d61796b4fc3c8a50755d812fdd9dc88a3455392996a400c08176a54177378ccc7e0ce4ce48a95021cd72b3f237b47072c16385ce5a93a13517befbc68e065a552e5034212af88da12a34e47200dbb8de2501c2cc4e4207c800725246c7ab11be8a100953d5c0cf994012cc6f5abda875e90c631072a4684d6bf373f6a72117c2cc4152dff002864ee002ce2da0800e2a6cc4e5170cce2edceb7fd23a54939c9ca328603297722b76a53da06aabbaac4e561521b4ee6feef0de124ae6e54a0382096038747055ee614f05f0f2466f88e732aafc9e81b5b0f53160926a904a8d1219c1d03d6956f7368d53f8767b92e8e4015161ffac53f839d290a5143ac06484ba8317cc7770037fe5ca30fe4c7e584cf1b75b676227252080951c818b3b3ea01dadd22cb6ca80a3f350b1a8d2c04511ff6d44829539cc0834b1f40c612c2cb05cddc800b7cc6adcf58cd9098929739155277bf66d840d53f2048a9511b5abf7782d12824ac0634034dc33d9e3bc2652a64d433b3e62f72039239836ef12dd4dd4b75dbd678260d28092400ea19b959fcb379bef1a6a496527f32092c7f30a0501cc10edccc3186c2852572cdc71a5f50c02bff00c9f3885619530a08f99d29583705d82ba11aef1e6656dbeeaf3b2b72bb32316a0b08164a4025ce81bce2df883121586334027211401dc12136eaa1e519b8e9e4ac8a9ad07b469e196f226cbb1c8a2fcd891e440f28cf8b2bbd2e1759c7879f3d2119e721284b91f0d2dc405003a31356eb199271899aa06af7090282edc9fda149eb2b984aaa32b837fbe97826119a8e92556dc37d691e849a7a5b3e4801ddc9a0e9a3ea6278452135ce19751a7349b9bd23a5cf98c19600d8a4c583b14a225654a730b050ad6d58bcc4e4502c188e220eb46b73a42581c47f36b4484b3b9ad4d5ba7b43ab9d9694ad0288772681f957d22a477c6414904355993750e173d6f7e704549cdc53012010ccdcda83907814c497cce33a40a9a30735dc519ef17199409709cdabf57f7e9f58aaa6737101b01ad6be659f9c358349f8691b87f3a98530e12a590159c3036a358b1f2ed1a04bb6c2e36fbfbd6328c6b3b1e33102d94fcbd6d4f5a44ff0e0b0bdc391adedefdb78e38873c2975124a86a0583f63eb11264170958a25e84005f29a76fd622e845e2944966b312695729fa7bc68fe159a11332ee929151a31f607c8463aa507040aa8d9b4f2e5a41b023e14c4a80296a9d88342d4d89ef18e5372b1ce6e58fa3c95bb53bf3fbd618385055da918d81c40b1a8e568dbc34eb6a37d9feeffee3cdf7efcbcf2d8ff0c42d2c40b337bb6dda3c97897e164800cb7195e86af46a1351a5fce3e88a95c248b5f6fb119f8cc3dfce364cb2c7bc59e39e58f87c7be0a8e6414915f94bd08bded58f4df83a5a55316144120004f576b00d5444fe33c214b4c4bbfca5b9d89dd988ee20bf80c0026e7ca5c804a7a16ee1da3a32ce67c5b74679ef8ad7bdc3e1cac33b4d944313650b034d08a1ef034610fc60a662ef9754f09a1dc3d8d8bf682e0964b3b9201656a47d7a1fd21c9738ab3288032a487bbb91dff29a468cb19638e797979c904b802af62498d0f0b48caa0d5293cf43434a9e86165a466601fef5dba468cb9bf0e4cd98b21d282585186526271e3f513cbe42176200aece9d8da174b66e3510935caecd4d7c9a189d3c105b50006d3ca392c801212f4a93e77da91def490b09528148e167ff002f5ac5c78864e1090c372a1e812441552539337e6141cba73b450aa58a6734fed7f58aa0a50dc4189b52a15a9276ac33394c90589219c9e9a0b794420e5cc0866346dcd0bb3d2199287ca9a126c4540605b4a93e910855188cc02560b12066171a80752296fb0de2f0eb292090b48b9008269666a6953fa409252924289b3b0df5ff0090778a8c42d2ca4bb82d5fcda3b5fbe90577873b864320039d4344d728ff003240a3e86c0387a6905c26a4d85ee5bcc0814d134a4cc5174848241757c3fd8d2a6d4ea559d880ce82f4b81b6c6dafa45da587328075dc97efeffa451588096af7a6a3f58495368d9466d75d1ff48a2336b53a03b6db5e21b4f87ce5153aad56040a39726dbbc057e2009e14bd4d5ef52dd20a7889497cc76a307d9a2ab9000ca05ca411661c445476f280dbfc31e2398196a70a4d53cd26fe47d1b68f552311fdde6f1f3d9244b0e8f9855f666f4bd39c7a4f05f1944d70182d3706a14374f2f68f3fd4f0d997bf1ffae5e6e2ef71edf0b8c4860144d0500e5501ef76f510f620fc4493f2867074f6a748f312316a16291cd83feb0ccaf106e1aa9eef6f28e79cb6346fe591f89641561d7bb1f4e21ed18bf82318133168be6482dd3848aff90f28f59e2f2d2a960a0129208501f95ef1e1e4f844e913113a590a092eae618bd3a6ce7ca37f0672e171bd6fc36e1ab8dc6d7d0e5cd22a2a3adb9bc3f2e71f84b5120b903501807dff00b8f28f3b83f1344d4ba2ad76f993d46a2366616952d014c48cc5924aaae784743778973d5d34e8a8428900a8253d81f2d3bc23f8db1b2e5c91225919d65cd6c915a9e6401d95b43b88c6cac2a0ad69798412842940ad677fed0f73ee59fe7f8733719355314935bab33a435025296140cccfa563a38e4fbaf86de2c27dd7c422a4d1ec5da85af7b5e1a5cf5a9485265161a252e0d0d6cd72f5da3d161fc300ed759ab7efd21dc3e0b35ac353f7e918e5eaa6fe99b6ebea24f11e3d38520d7327705c3b6dac2ebc8e74ff00c80f4358fa548c12086671ae66cbdff4ac66e23f0ee194a27847452bf58d98fa89f99a49cf3f2f1d330e4dd560db12cf12a9a1252770c5d9d3b01a834dab15c3cf2c0ac870581dc6ec627e1a49a396673a1a74b4743a4649057520121ce52e75353b0062122ae1473005989717af2e51d316e9a26b6a380f4dbc808aa920a450278281cd684df4141001f88b0a490a214822aa2f4604a7a17219ad1a4bc3a32029484a145d813420971b000970072bb08cdc3284c01408013b6ecd6e90f61b1a0a572e624e426e9228a14cc1f93b8d69b06232e6a87e5df88ed66f783a55901749a50101cab9be9f48aab0052541f366729503c2b4934236d435c1041b41c624bb0041d6e5ea2af6e701d33892c2ce9232936a3bf3ab76895a10901960a8a9daec03873e943a006028901054e427373356b1a0f482e190129044cb9cbf29725f4fde02b3667080d77277617aeda46760accd6d5eaf7e4dd635b12732780176b90d94177bf4f51023202101aa5deacc4599c55eb0d9a130de3cb4019f8b4dcd29dfde3553e28b50749437b7e8630f0d805cd50e10121c3dfcb9fed1e9701f86c065849246a4f6b0e5a178e2e6c38a5fdfe9cdc9309fda7f0f78a2f32e5ad4495b290683892ee3b8f54b47a1461d2b0e08413704809357a5685f4b748ce93e0b2d60d038d9bd1aa0f78730f8b5a12c139cdaf94ffe44073d7ce39f2f1b68b65bb6078b7804d18892b90323ac05d32863727933bf368dcf13f8ea5b23304278592d99479125801670dd613f16c7ce420a8a9090388a529601abbbb6970f1e93f0fcc13b0f2d6bcc92521591e809ab0343d898c7dd6cc6fc74df67d31e730bf87271255f08070ea2a56659ff00226e79b930fcaf0398919424024b1d923f58dd9d2f44b8e94f53f4119589c4ce496f89ff00273f4f48b9fbb7bad3965bf2b7fd25459203246a75e7d61bff00a50a7f481f7dcc6548f135b949571696bec7778724e3890e1c1fcc9fa87f68cf1ca7c27468e1ab572058540ff507093a05372b76a40462c10e14ae628c367a3b408cf06a2679e5fd22da9d3e673b0ee59dc0a90d6a0b5396b1d9940ba524137a52ecefd1fc9a179935619248737525cd357af6f286b0b87f88956652532d04d49356014401725b4f57508f49e9210484a824820977a79fa7685f0f2c920157127415041761b3d3d22e5293496e100be650ca4a5daa2b7fb68812404a88cc093a165694ef140a58ca9c994a6a43fb9a9b9fa8bc74a9881ab0a976a17b376da0d29048ca955096259ce822b3308a2e14494bd08a17bbc10ef85e554b12c90155521c7e6d52ff00dc9d374a6ce4c7248275bd3a758cf128a549a9192a0825df425aec218c712a2262547e12c8296140e1ca5dee92e08bd22295c4a72aee9041d4722d4b6a3ce271033a2a2897602efa8fbe505c42825806726aa35aea77ff0050a89c34f94ba4f5d2bb5e086538905cd6a03e62410280003edebdc980f0e5ce2c49c80871a922b7d3fd5a1396804b653761983b9d134d5e8ffb47d1fc13c3112d01ebe6635f25d4e9af973f6c5705e04c805c0614161d3efd618419d2ac8536e1886f2307c46140ff00e4ec19a0585960abe65d2e0b16bea7f48e3b8eaf5feb857c2ac4d6cc920e8b480e0f50d175ad29652b88fcaa50d0dc13a1fab43138a90016140e730f985d437784532bf993a49a86a1daa0a4fb46196372eaaef4f25f881e5e3009a7867c9ca79105429cac4758f6de1cac92824e8970d4b507773e823e7fff00f4e9c73e148a1125cf2248fa887ff0af8f15c80951e3486ff2035f215f38df9e131c665f86ece5fe395eda7a8b9762c59cb97ec35b500ab885713383079995ec022fd8a9fbc5e46311301e730063a826583032a209666ce53998393421c9eb73deb7c3535d78735bb63f8a2187c40539433914e9436fbda0984c482412595b8a3fefef0ce3b0a569525625b1041ca43d5c558007d63e74b9936429484ac8292c468da162e2a18f7861c3eedeab6f1e1ee9fb7d1264dcb5663fdbaf68497e37201654e96922e0a853d63c3627c567a87129c1d0b007a8143de32d603d535e42339e937f756d9e9fe6b526aca8a417a960da51cd3c843f3652482490f6356d3ee9096116e164b3000f37cc1371e71790b5295c4680a4b017243f615fde3b1d50fe0a5590a65369ab5c3ed12b48cc135d4667adabed09fc5c8b4a9203a8173d811dab064cd20959a9000d81735e90fcaefa72f0aa0a0a410e74b3e9d758833f85d400d09e6f0f7c30cfd290b6250965121d9cf9454d9233cabe5d685ff53430c7c4246558ce035e853b11b0ad9bd6b08e091992953a86624b03662d128713155241a104bee7da8d022c8a9aa59006cef7a6ed112085001650c834162e74e96e768229d8273162e5b4dbd1e9f58e120043ea0d3bb8fa7ac41aff0085fc3c4cc424e89199b9d857aa9fb47d12715253c29b5a8e63c7fe0b4b7c43a9ca3dff0058f70840d47a98d39cdd71f35de4c6fe3e6bd87421a1dc24e0b2a71502d60def7061202ae6a3310c5cb3d286f483f8606984ff00691ecde51a24b6eab5e91e2331a5209ba7322bb69d69ac4149f8ea3bcb6ee0a7f5807895385a9f10fb810b7e2cc72e461a64c416528e407fa5cd48e7fb46731ddd2e38eee9e13f19633e3e25652c528025a4ff008dcffec4c64a54b400ca48666ad7d2381a3f73ce91501c8276fda3a7db35a76c9a9a6ff877e2166130eccb482ce2c48d2f703b6b1e9f0fe29992acaa0a0a62e2a01ab8f23e823e6c9b9f3a52ba768616b285129a3201e752d71a6ad1a72f4f2f78dd3567c18dee74faa6171e9b283f0805cd8b31ece3ad4741e23f1c7c34e2b81408c8972962337150ef4cbe90ae0fc466e509cead0e625cd851efade33b1a9656672735ebe7197171dc7c9c7c570bbdacac68596524386aa75ea37f28ef820d43b74263be102c6ce07e90233b70fce3748dfb7fffd9, '2020-06-13 18:08:27'),
(007, 0xffd8ffe000104a46494600010100000100010000ffdb0084000906071413121513131316161517181a1b191818181d171b1a1a181a1b1818181a1a181f28201d1a251b181a21312225292b2e2e2e181f3338332d37282d2e2b010a0a0a0e0d0e1a10101b2d2520252d2d2d2d2d2d2d2d2d2d2d2d2d2d2d2d2d2d2d2d2d2d2d2d2d2d2d2d2d2d2d2d2d2d2d2d2d2d2d2d2d2d2d2d2d2d2d2d2d2dffc000110800b7011303012200021101031101ffc4001c0000020203010100000000000000000000040503060001020708ffc4004010000102040404040306050303050100000102110003213104051241225161710613819132a1d1144252b1c1f0072362e1f15392a215438216243383d272ffc4001a010003010101010000000000000000000001020300040506ffc400231100020202020301010003000000000000000102111221033113415122610432a1ffda000c03010002110311003f006d2f03d2264e03a43d460a2646123e75267bce48af2b2efe907bc733329d574868b4a709120c24514588f9114e4e48b7f8980b014898e46eeec5fa45b86123b1848a2e3623e5455b0393e80d7106a701d21f8c2f489061a2ab8988f9515c560db9c6c60126b57f51165185e903ccc9251ba7d5cfd61bc2c5f32134bc0917afb088a7648851aa3da9f9432c778565cc006a5a403b1bf4277f584d9cf9b804a4a56a9c925805900bed5e5fda0b835da32e44fa6118ac0e897c20d36115fc1e780cfd0a5009039357bc5db2c5f9d252b77d42c2ac770fde2ab9f780d2b6992d7e4a817e22e2fbc6c3d854fd3358fc54c2089280b25c022c9a5c931e639f625648d692562e4935f9da2e998e3b13861e5128219b502feb48a5637073e6a8951d4e5e821b8d6f669b75a05c970eac44e12d290ea36b08f58c1f86112e5fc23535488f3af0e95612689a0391707adc47a2e13c7125491ac14a8d18563722b7a071e91bc1652487d4585041388ca5c35a3b467c8f3132e5849f563e8f43586185cc25cc170950a2926e0fef789625726205f87927e2afe51ac3e4891f769ca2d899208a1061366f98270cde610c6c00af53da0530a9804cca53a4a406a35a031265e191c658767fca3ac778c6480a12c12458b50fce299e21ce264f3c4aa0fba2df2bc3c78db03e448e7c4f9c098bd2853ca0d4b3f783d5e2f928425225a9f48e4c3a452a728c0da8c74ae154733e6767a5e59e2497354011a0312493b8d87387b2b42be1505762f1e2c26110449cc1618051605c569ed0af83e0cbfc8fa7a1e3b325a5450c10dbddc748a9e6f8a330ea26b1ce779d99a99618f0a6a79984a67c3438ab609f2de8ed62222237e6446a5c5688367499841711b99349a98899e0893877bbfb46a0590ea8c828e07bc646d0699f484c9a1171ec7eb1987cc2528b3b1eb0cfc90768cfb3a054803ac794a0ce87c916712d20da264ca8c4ce96c0eb4b6d51052408ea8451094d908931b28023a9852ec497e8ff00a425cfbc532308c956a593b2482dc9c98a690b6d8e10c4b311e9fac4be5478f623f8898c2a70b480ee0040f62ef4875e12f1d854e51c52c8d4000403a6fb8dbb8864c2e0cbf4af35cea4a5ba44ea4aae07a18970b8a44c485a1414935046fb44d158c157649cddf40c9d4d54807bbfe823c9ff008a499b3262079b2d451a8694ba6f5aea26ad4bc7ade330c262148558f2a1ee0f38a5673fc3f33143cb9c40dfccd4b35e45e139232d514e29457679ef833c6abc08992d72fcc4aaa03b14a87e877f48f47f05788ce3d2b4cd940696aa6c5ee3bc79cf883c3624620cb0ad6d7213a43f267358330d22661d7297271235d5900511a85428d8bd9a12d1571b47adab25c3cc4b7968207417077f5e7104ff000f61d2359425210092580005c93d22b199e741425a84ef2f128f89494832d4e2d7ab3b03de02c5f8a94ac39933d22602e3585693d0d284bfbc1fcbf422535ecb1fd83058852912cca52c5c062e3f5b6d15df13787b0529402d4a96b297701c10f41f28a14dc6328197c241a1763ef13e759acc9e94f9b30a949b726e5f211bc6514daf6759e4c952a6ff002a6eb4a400ff0048332af1625052262352472b80431bdf9dc454278ac4221fc49ad8be567b6c99d2e761db08b4a94b764920293cdd3534fd6297e22cb66ac92540a93f106a8d877148ade55982e4a93325a8a549a88bcafc6685a42952924b552453df9449f1b8bd148ced6cf3dc4e1542bf280664c22f0ef198f330b9befcbd390da171948528dc0f731749fb2326bd00198f118c36ab44f3f0ec4b5b689b2f606a1de1a84b00ff00a7af9436c9bc273a7a8a521208fc45a0e9b8506aed1c82a162603bf432486b98781968427529340e4dc0f5de04cb7c2d8652b42e79d44b2592c1fa931c48cea6a1253a89068c4b86e80c0bf6cabda13097d1b28fc2c18bfe19df44cecfbfb423478166ead25481dcfe422dbe1af1614a44b981c582b90fa41b9c637402a42428ac515c8743fde277c89d0f507b01cbbf87f21090564a8efb087387f0fc94259280d151ff00aa4d00a14b2a07677eb781e5639682e9528116ac07c537db0a9c5748b7afc3d29fff00887b0fac642a95e2f58002839dcd9fd1a3213c5c8379225a8f88a7b8206c1c518b6f670fd39439cbf1e31095266cb209d83b1115d46330dfeb207771f988325e6b8745462250ff00ec4fd604b8f5a27683d386429e52f0c44b7a14ddfa97788f2fcbcca528214b9483f895a85393c2e9be2fc302df6876e49511ee12d034ff0017e10b1338bdbe05934e61a1171b1b22dd85933105d53f58fc2a03f3780337f0dcac59d6bd52d403709041fd22a533c6d860787cd551dc21ad73c444072ff88e90a2512564006ea00bb86e600677bed0ea0c5b1f2fc0586d612672c1e4a6623a110d6478532fe148092588b9a915bbde3ce315e3e9cb7d32e5a4f525647e43e509311e2ac5294c67100ec9012dfed0fef0ca2fd81bfe9ee59960c046992a6d200294b72a5058c21933169a6a50eca223cb30de2cc6a4929c42c1177092393314b35a9f943acb7c7aab62a5ea7fbe8e15579a2c79d1bb465c74c39ea8bd8cd163fee2ff00dc7eb044bcf269ff00b8a2db168030fe5cc40992c852541c1fdd8f4da3a3240b068a28b15c90066ba16a70003bb3d492e5449249307e5981c34f5a3cc410b550a92ad22962dccda07998504c11834f965d2ef0703662ef1160e585e8965824f20e7da83f6f15e9d20d5358ba62650597502492fde239b97214c74b286fd3b434740bb3cf66658a51e1049de0799972d3421bbc7a7e0b2f4cb2e007a83d41e8f1063b2f428bb06e4d0ca5b035a3cca665ca3ca20397aa3d14650806df28866e4c8d9c7b7d21d490b8b29f97e54e788b0ecffac319d97953b536f4ed0e3fe9c05898d8c3b6e60d59ae8acab2950dc4413b27980ede862dc2508cfb38e420a15b45470f8263fcc0fd20b978248aa431da9163978448d8412890230132bb88c3f08a579b40432e98ba2413d87f68ba26541b829a943900ea6a17b7a42b6d2d21d53ed9414e4d34165a5bff00e811fa418321d400414eadc17f9522ef373159dc0f47fce2399981d92905aed589dcfe0df8fa50a5e50bd4ce81ebfda1b4fc24d00266292401400bb08673cb3ad5b024920500a925e2b99a78925a43cb4999b924e81e8e1cfb08777ec5524ba21c7a04a4eb50a3814e66d093119f84ff00db41f521bb9dfda166679ccd9a495961b20587d4c2c992a8eafcda331721ff00fea747fa68ff0097d6322b415d4fa13f48c8c2e4cb7a487651245772e0f220416252790b727fd9854accc2c80a0cae6011ee3e913a967ee905f749bfefab473b8b2c9a46e74e62a00372fd9881335873e6ff00bfdb4713092cdb5dfe9e91015b1ad9c186a15c83450163434e65b6103b8009d8db6b51cfac62a7172d677f48e27581b9ed4a3ff686513646b455cbff0097fce324a1d413462457973f4a44d258b91521839b331fff00348e942ae00714b9f71ef068d670a35346d42d5a711f774807d6236dc9edde2650b9db91bd1dbad881e9032965a1b1d032186499d4fc2a8994aa28b9410e951e645dfa820d2f1eab90e712b1693a0e99890eb41d99812936521cdfa87023c626cdd3c20d5aa797203af331a4cb2a1b8488c80cf6fcc27ca9290b9b3928413a412cc4f20cee6e7b02637809889c9d7266a6625d894b100b02c7ab11ef1e1f326d4073a12e03d839724773ca1af863c56bc14c2a4275a15f14b7605be12ed450e70d62347b12b0ea1b9f9444a4299c2be43d6287e26f1eae7e1f4c91e4152949242dd7a40da9c2f6715e443569385cde7caacb9cb412e785443bb393b39615b982e8cacf6b5199f88fb0fa442bf37f19f61f48f2891e33c6a493f6851e8a4a4871bd5317bf037892662cad138a02e850c34bb3ea1525c8bf67e519502d8d5699bfea1f64fd238f2669fbe7d87d21e1c3abf083fbed1a387fe9f6bc350b9b112b0f33f19f61f481a6c89bb28fb0fa4597cb1b248dfb7ca209a81ca9fbe8f068d91559a89c2cbf90fa40b317881ff73e43e91699b2125c5437f4b7e902ab0a2adecd0e90ae456bed389ff53fe23e91d0c6627fd41fed1f48b00c13ecfef187027f0fb41a0642118ec4ff00a9ff0011f489538cc4fe3ff88fa43a3846a96005dc800778f3af11e6be6cd3a0b4b0348ddd89ab5a164d4468db2d788cc27cb495cc981291cc0f614a980fff005533854d6236d29fd1da28e714b2c4a945b624b7ccf41ed046171891375cc4120574a1807daf127328a2be8e733ce674f00ad0af2525cd936763d4b0bfc8425cc710543e02126a356ed40c770208cc7385ce2c12128d937600d4b9b9bd840998e24cd23fd348648f5b8e4e612c67f100f98db7b471e675ad636b40ab03da3912b9bbedf58da1767257cea7d23209480d42dd088c81612e1332b4394a46a2d554b21640ece14de91b93e1b9b74a9a8eca0012398e224fb4249be219cb56a25008b34a9608ff008bfbc70331512faebb3330e5466109435a1e7fd374cc099a42b5333280297dcb86f722d11633246015297e624df84a749e449a3f626d0ad3984d1f094123760543d40a44d88ce5530bcc40551be3593e9a945bb0611b60b441f67502cc7f3fca3914a1b1fd60efb74b3532907d08f6218bf58d23493c6ad229705658dd83b16bc326cc4596900eee01a00fab4851a8b1242b4fa7bcd3d45074bd2a1f9b595ea2a224c465a949795352a20a486701c17a135767a6c48820e0d362a0a6140977486aa48d802edd0df68ac558ad8a667176881534004b38a06e7c8458f0be1a9ea00ca905482400a2a60e6b737debda0a5783b10c4ac2258001b137a90d7b7317a43a837d211cd2eca7cd4152f6725cb6d1de3e6b0094f4d5d3fbd22db23c0d889ca2a9408411753249f4ac6a77f09f144d56803b935ebce0f8a40f2a289354480c226128b312752bd3bfca1966f942f08bf2a6a92a343c3d45031de9f311ce170c540ac8729161f21de171a0e57b0298a0069d2e2e4d9db67fa44339634862e4dfa351bf7d2269c49275a4022edceff94073d040757deb76fd9119aa359b4cb7007bfefda0ec2cf5cb1aa5a94820d0a4d6c5342373f5f50a53b06fec3a430c2234ba9852aeaa0e172c3b9dbb42d06cbdf8173bc4198244f5eae0e1d4da81497626ea7497e8d17b13d60dd24757afca3c7a463744f953d3a468282002a72428165289b914d8768f6dc3625135095a0ea4a80236a10e1c6c7a43c3e139aa2233c1ba75766fd63952d243b1fdf6828e1526b5f788d38402a0abde1e84b60cb929228cd03ab0c397d20b5a4bd9fd488882a19215c811584e4c3b46fecddfde0933ab623b0807c419ba70f256ad4d334ba0339276e9ef05e96ccb6e914efe2266fa5f0a9b162b7f74a47e7ed1e7ca3cbeb168f11e00a742a624a9453fcc9ae4970c14a5867370013b3403272e92a9852273a007041485289b01aa8cf73c8c72c9b6eceb8aa5457ccb2d1ca4a9ac7f7b4339b8348e220b6cc5ebcdfbd21b65995a0e157889a590998258480ca259d44962cc34ed5736678cd00ac004de95661fac6d6d503dea0539082b16b4ba9b725a8cc28d67da04093572dfbdcf282925d80d2e5f2fdfbc6fca3c8477e52ac393f2bd77e8231092483b0f6ddaf1aa26b66265f407f7d44647699e406d429cc3c642fe43b0cc5e0e6cd20e84ad42a4a388b75d1f478558a41429954fdf38b611855a9dbcb50b2924a5957ab1e1fdd616e613a64a590b4a98bf1a545bd753c0a66624134dfe713ca9cfbc4f295294788356aa0cfd6869f28231b928d266ca5852007a820b6ec122fd0807f38c6b029ca0075edf9c7582c51702b5a509763c9af118c312c0392cec1e9d0ea02bda3912d62ba1418d2e3d1f9c6a358d9398a824242b4b5412373b92d7b55c5a19613337981ccb4aa800502a0ad21c913002c4db9d6b09b28cbd7394658043554a20a7481472fbd6d1c159095a0d8d4ba12ee2cc0837a12d5de0d1acf46c97c4d3c01e504ad24b84ea5a0a5858ea70439ef4358b0e13c6415c13e480492071163b921c3e9f426a39479449cd826631e042523e052882a4fc1a92a23a1603a55e094e7458acab520dd5a595a82426aeee19dc0a741158f2344dc533d4078830aa5048c42a517604214135b07292054de9f093482b15831365ff002f1536629cd02ca5d890cd4dc6fca3ca7019ca5c90c2c120d48a920246aadcfeda1f78733c4cbc479b3a64cb1fe5a7504339664a4841a135bb9df7bc79093821ee37c0ea521412500bd15306a2c6edc95d7fcc4b27c1e30f214a96133a730d2c9648559d9f6fce26c078e70ca2b796b9249a6a720f37a10934f852efb54c132bc63865acca135482ece428a0ff00e6da4762d7ee03e49ec4a6b479967fe189b213e7ce25d4a0e97b5cdb9b3c249c9f334e9069671b3971bfefb47a86772e562249519f2d6a4b9402b60a5588a9729722c2fbddbcbf152d49245807040a80cf40a0ee227c897a1f8e4fd9bc4a8048423e1150db960e69d7d6b01cb98a5707c20172682bf744773278e1019ea01a1b9ab8dcb0f68e30c44c0e5824124500f52dee06d1168b2631c284b0532880a17b3a87c4c7ef3768f4bf034d33b0c532a61f324921403512a528a1bfa5be608a4795615654eca225a4bb3fc4a16a772cf1eb1fc19c21fe74f664cc094a45ea92751279925fd441e354c5e4a68b07daa721829209f5f7a3c489cd2acb001f5fd4522d188c282282b000c9526a53eb15b891c64ba15fda9247091dbfc46afbc1d8cca92050b01eafebb42bf2eac0aa90c9211b6bb38cc14a44a5ad002949492012ced5a931e5795e2664ec679b343f1295a6a058b373e55341176f1f89830da82884a540aeb716018df888e7b53950f2674cd2bd2420856b569203298696b9bbd39727110e5ee8e8e15ab2c031055ad4006b1259945cb39b14d777b8847372f92848c49a0d612941621600524a825a8028245eb53bc0998678e4252ca484e902800013a4171c4e03317bc0f371a95c94a75280090025fb3ed51426bce25ecb59362660246e37abb7af61788f34cc662a54b9446994eb5a5b7254439e6433401214ff000a8804bb51be6291b9734cdd12d6a3c2a6a024e9241514f60e6cd4875242bb214f12b667dd86db0fdb4473424d1209e80125bb0b43ec4af07296b0246b65a82752d4592cd6001350ef09e6a86ad49053721810c2b41c5c8ff9847b61476a904303c2a2ca039021dad4e51bfb0104254002f651e7f3110e267953124950fc55b1de95112cc9d314b0b5f1286e4b9fceb0341089f844851001f44ea1ee2863710ccc397aa803d49fa4641a46b0692be220863677670363ce3d1b2b9089f8746b487d006a02a08de97f5a42fc7f875135d5294155b16492e2d42c6d4edb47181978ac3ba485683b04ea1522800763ed0e2d95ecf3265c95ba08d0790666bdaad00231612a052a3ac1a14f029cf22098f49225ce414cc0356e4822db906d7fca150cb508515904b0a32758006e92481ee7da03827b05804f5a9585d73a42490a72b570ff002d9cb80c852f51201aaab160c83c3f879f2c191882259fbaa4b1de8752af4f86d4a52075e195382144ab4208587640700d4804ea0c620c563a6aa89984826c006e61830f98dba41513582e69e1e4e1a72932a7683375291c295274934496dc390f47f78578ccad4548407d4193f0b6ce5542472b7e210d31d394b480b48241046a480770cfb3166fced1361b0fe60ab05a4000f6a12e92ca2dbd696de0e20bd159cdf0130848a9483a46ea26a5c92439fca38c024a1252a2eec5268696a316defb3c16641e2d4da45c126a7eeb3df7fed01fc0144d88096556a68e3959bde356c364e427cb248a6b4f0b8f84820a85c00e948b7de10ca5c95281214141b911ec4515435a3863b562bb86c5a7cc12d40e92ad2598115162d54bd5ba43738136e12080ee9abe934a94870fd43115a1874230f124a0905234860c093eac2c36714eb788676612905b4a5d550c00001d9cb0b9aefee623952415101144503049d2fb3dd8d399040e4206c5492c1008700855003bbbdc0d3a4586f0766d054f9c867e1240e406ce4da81cb7ac048d7318951093be93a402ff0016cc748b96a46b0596a953132dc252540125d2093f78bedd0dbe71e8b9460a449524a13454b62a46854b5294e824294ea0a15a13623b4342393127351451b30f0e19495a901c1b2dc3972c0a124bb062fde2bb3b0c4b04ea0c1806e5dba7ec47b24dc0a04e972f5154b5550c02bcb2c75716d6a51dcdf99a8f0ec924f082edab55d852a93f48a3e18bf64573c97ab3c572bcb261989421d45c10dd0bbb728f79f0f912e5a748d1a89252033935516daa6b06e4995c896ffcb4951b9a7e90f5289605931925155d85c9cf7d02ab34569a25fada065e6530fde09e803fe90dd3864310033c0cbc03061f261089c467909a761caaaa2b27bfe8ed0ae7cb5209d3b9f8ac1b6a0de2c6bc0120a4ba926e097f6b11e8605c278730b295e632c10082ea514b13570e46d144d226e0d9e69fc49cc96844b93a94eae22050697003b6ee0b726ed150c04f5230cb582da8902f44fc25f6aea2397c9bd33f8cb810b958628087f314906800052e038141c24b7431e59986290149948579894a402685255f7b4ff4ea24bde39b976ce9e3fcc6850802fa4f7d8778c4155854ee457b7e705cec4e93a7e42c395b68272dc04ec492a48225a5b52832407b3f33d1fda223824996a34a815721bd9cdbfb44d97eb96a131248571005ff0010293eaca3687b3f2c54954ad1a1454036bb7b5b4f68eb112b4a9dc2812e4821828d496e5520392c1a00d42ac44a594a402145360767725b626e7bfbc0a94926e0102c687ab134f76bc1b3c4c7242c3726ff00311c9926e484a79bbb91d043504d4a90e3e124bdeffbde199c01083a854b1037ab5036ddf947385914662e00a82defbc3dc0e0c948f5b9b36c5fad7da0518563282aae949ebc3fa88dc34420354b1ee3f5ac6a0651fa6a6552685cc7280a2972c6a90d4140a2d0c559928a524cc9bad2402904290a008145974850a8600edbc38c8b285620a84b134cb50642c929055b800a42963f2bc73332dc3e0e736266054d41a4a96e4277d53266973d82454fb0a62b01099c948981410bb252a2c583b00a9882a7626ba46f5de39c2e2e6b1099a8d40288d0a720acb92546cea0fc23eede38381fb5ea9a564a4ace8136617b92e901343cafbfa87316a94964265243e92e4951277ae97ecc5e186c7e841938a53ff3012b67d4a2544a580e4033f2a43604a51a26ca094300a283a7cce840a28935f780f0187f29973d0a52480dc09a5d83000067dc5cc38c5e6212e954b51013472953b56976615a8fac3683471889e85cb1282b414860e9a10d40540bbf50cd01ab0a5252e920eca1500902a925de942ef7260bcb72d933532d690a4052813e6280a1a3a5a9f10b7c83c1699042d72c012d40150d45dd20b02025643dae01e2e621f24260c4399cd2c10ad2b3a927528024d6ba48677a73da146244a24a132a6a5438838714b8f8473f9549bc59a6e56b5cc20aa414d480a2c3486721ee038ad793de3ac464416b532d2b60c44b3ab4929762100d4822e6cd06ec5c5a2aa4a16823ca208aa99836e0f2625ced710e246899c650417dc02ca50d5602a087f77da379965d224323579934a6a9486a1dca8e961d92ab40e6536a32f80a7886949203b173c24dc75bb503b32034339184952c694fc153a54a58228484a7a696bee05838887cb437dd0c432b50714a709751278998ee238c0e2d6754c33f892a20f95c05858ba5351a99dcb9a06b03d4d98568766e100ea0ef553029d5d2e2cd4b08610b0f8264b79aad60ad92128d3a86a2ba2c804b00e9773b393461619194ad7225cb9e0ce3a485050d059ca43840500c1b7e66ef144c04e4c95a54ad2a4861a5f53a124298b1aea294b283073e91e8d226cc9f87f3cce9728a54b5ea0162504d014ae88d400bb9b8704b110f195139c6c5c8c3683e54e5247212d2af85d80720d5a87fbc1abc4e9d29293a058554a23aea34877265eb965c866ffe44960afea4d4f0d77ac219e8952f582bd66591e600eb53302352521dd88ac593b39a516ba2644d57129254a4aac12281812c4ed1ac266d472090fddbeb076230a95ca339528a3cb03424b9003873a3e105bbfca22c34d5211e62a5a54e433115172ab748d766a69f60b9ee62b1249429435061434e7da10f85bc5b3fccd0b2d2c709724907667e662d399a94656a0ca4a8b0166a7c20007dcec042456589981334c932c05048a8254ad9c330f9c34716a98b27252b45ce463f5007f585588cff000f2a6e833a5256fc492afcf64abbc55f3bcc552692c1054e9f308e5f1307bfce8f142c594aa60569512e5cbeabd01b3bbfe4639f92a1d1d5c573ec67fc41cfce25d4ec80740439aa5ca84cf5d01f7db9c521120355ff007bc36cf3140a529b916e94eedf284e2be948e75bece86a8ed29209d0d62e5858de87787b916214892a7d29455c90e4a882000d50a60187425c085b82c185a5ca825bf5de19230c15a4051d02aaa33b5ad57bb5cdecf129ca312914c373dc6a1736594380c1945d9203b96e9a4d3a426fb571d4137f86ddc6c61ba30c164283a5212c0921dbd37adcedca34102b7e2a000393d0686fcf9c49f2c7d0ea2028944e926ca76d408f56a41f85c192e9640296e22ab3da801ad6d1d60f0ca48750d35a26aa5a8ec3901eb4836565f7f3092a3520f0245daece3da125cefd0703b4e1d1292ea292a7ec052c4d89e95887edcbdc809236a0e4c5e9fa9e91b978469849698a62df7802d74a6c903bc33cc67226ca4cb54b04a493a9cea0451c1b74d36a0e513c9cbfda41a6ba405232cd690a54e5a49161a881caa296e51910cdcd8b9d4898a3b9e7d6df28c83f9feffc17658b159a054e32bce38693a4ea129402d668c0aa5ead291dfeb0a11904f9c954f96a1230eb37a9714d256a5354d2a028d5c3bc07270615e74d993a6f9614137a281d8289d2e4172f561ccd49f15f8a0cf4044a332626525899a4202b6d6508009516e7e9568e972fa49ba3bc3cec1c892b489cf396a29720ccdb48aac696f8a800bde12cd90852c0d52980a1d2949d46cea675176a16157b98532d0b6d4404b0b14f5160a72493cc0f9c729953e61012925228e080580715531d203c64d8c99779b9a4bc3a121425a2942a492a20067e036a50bed102b31240d0a2252aa9d02c2faea4252cd6559a2a925689648527cd2140a752b529c6d415fed0f93e27414a7500425c194da5e819c805ec2cc2e2064d8eb1f639c24952882a992e89a512542e535486f6df6a578c54929609d1c7ab52f4a81a8008514b50d7986115fc1e3573c9d130cb4249d47569d20b9012d717a0a5e91cccc512b4244c586350a76a1a0d008623af487406d136272059066282524bf0a1456927fa43307a6fb47786c2ce929f8f84edac0d2e19cb92d7ad1a23c463d52d3a96a2fc9c9049e479f6e5d62ad99e366ac9094a803724973ee6d06d7a35bf65933464a74aa60d2efa54ca6df858fa42719dca0a2389209a961d6db8b9b341595e4e172caa60525df49651000dc39701dc5217e2725e36052a241625c54558b0abdad0dfa174c7f3711a55a659aa6ae5825414004d89ab16f68944f142a0ca4f0cc27484a4a46aaea21347648572e6612657325a50d3340559d654d4d274f0d39b77f50dd58d4a12388299252788a871ff00429814061615d3cea2889c8ed12fcb4b3cc424b292482a41d4e92af8414bed6df7b1b9467cb90a1e584cf05c00aaa7594b1dc82aa5140a687dd1c8f3b528ad244b3a832750074b816048172c3d017ab594a4a5246b4314a5c71a9887e1520d0a8905aae45455d8a62b430cdbc633b1016854d2897334053593a0395073a020b0241bf15cb04bef03e793ce99495a714b2409b30a4a4a5201e2d6904ac33049524006848704d1a6ccd4eb53291eb477a2c206e5be26da06c2c92957f2dc69d562124bf0bb93c2388bd4fdda9221b2a15c6cf61cdbc4a552c7d9e649d426042c4c5a429247c695a524b9d4c385ef47a186074cdc2f1ce97a832c91c2d5b9040205c585a3cef25f184f9082932d0c5b47c290967e10a35280542a1cf0a985498b78f11e1e6799aa4798a5274a8048980867282774bd87787c913706375a0e84191a16124380a0e6af47a12c6ae6d02cfcc669492c00ad427527f524f668ae653e24918752ce1f0da1068a0a5ad454a04fc214e948a9f71e82663e2bc42cff00ed93250ec6e4adcedc4025fa078cf962bb378a4fa2d13b2b4cd94a973885dd8849412c2e073ed1e679d650994bd32a6134f808d251ded56abf2ef1ac56718b5a8ae72e602407d2a284b5c0013df61bf58051296a756add89ab0db7fd07e71cbcbfe55aa48bf1f062eec8a6e0ddb5a8746e42bedd4c478795265fc494a838660564f5d835b9da0bc3618d4f9807dd2a483a89bbb1d405dba35a244651397652348b1517736005ab5e4008e66e52f67452324048d4a291516667d9d57a01b563585c40e276527a0d01b907a9f9031c62f2998843199c6087624815609a5cd47b414ac32001e64e019aba401c8b3dfbc4f1b191da33055b4a529afc4411fa0a723581538f4a8b953001cb7e11766a0bc6f112a528eb72a429c277b16a1346b02c3bc4589c4800204a3a280841fc54015b6e2fefbc15c7f42e74112674c989e14e996680bf12bd59c7f88dcacb18a9294cc2a05895d684ea2c057977ed1cc8c6a9490425228c2c917268f77dba1897099ba4bcb0bd200d8512eee7973bfa0b42cb5d2026dad9ccfc52659d162d403e2340f7da3580cc16b3a94191b034700df9b7b410ad2b2ca98ed4e217ab5fb81c85a03c6cf407095a92b3635af32eefce95e7bc0514f485bdf618bcc92e7e01d287f48c8a8e2b0875163cac5b6e41247ce321fc4837fc3d271d9589ca4e94254c0b127525013f752906ab1473ddcdcc27cd972b0eb1ab44cd1f704b469d4d6591714b0a0ebbd70e6c508641504aa8a0e5291cdc6fcda011310b7d44ac3d189d3cd985fde2b64dbb24c7666672c940624b02183bec1cb81d04458570e1ceb34203a87ab9afca0956214b3a74e94d921218721bb914b1a4749c22c048d4c0124072ee6c586fd605a0ad110c24c5b9019aec1448b5cfefd2352f00c15a80513f8be6d43ed530ce5494801452544539a86db337a9313e3b19a00d4cc5a84876ec232920d0bb0c804b14909b7082ce5eb521aa59dbd20892ad2cc94b96248249e809de9b93b98e80254efe5cae9f12fa002c3adbbc7788c7950d3268df8407a77fef0b272302cd9ea98580218f50feaf6de326e112e9099a4ccdc25d61bbb8611c1cd9295b2e6ab55016d5b6da406f58372f2a985d01909b9554924b9a3b0f6244032fe81cc494b80a76d92b014fee04418853e93a5634efa88524fe20a0cc3abc37c5a5649729622cf761d830a3de164f9005d253d8d3b91f0b1864c6681a680b0680eb53ea041ad9c30e4fefece72a9026ae5cb012169417529cfc2010ad88006ab5e94bbafc3e1a43d28af52f6d86dd8c72b4a92a4a93420ba542e0f34f23148f2531651b0e4ac3e9514994400ea558d92d40431a54ef778dca908514f9210959240d3a49d2c5de85571ce9aafbc6a662e44c75a9252a2cfa0df63f19094bd4b3dd240a308dcd9c94a02415a90a27528b02a07e2414f20c3e27abec63a5493d90a68da96b50251312529035000a1ef424512417ab8b97d8c6d535525414e0a9c149e121d9fe220503d69d3688978a4215c24943148749f84d4307a549a59c13485388c54c9ab37d1b0d9360dd6d0ae4bd052fa593093a4278353cd0e49620002a42024301d45189ef0dfced5214652152d920a560beb4950fc2ab1e7bf3da29788c9a769d12d2a569a9d04900df766a91ead06e4d8d5a7f94bd4e0fc203a9fe25f40025bf4bbc637f4271ea988244c2751aad4c19209a5986a7141c857942e3885292e41008e17241d2965509341f9d378ea74c428305a52ea2fa9dc936019d80d401ddecc0188334c3a9092a51d4a2c183b0607f47fdbc2490c8e132e700a292a7a0755097482e0aacee5bb188f0d9a4c7095951259ddc9bd13cc7f73024dc6cc090c5c02373409a06069cefd20bc866244d52c87094ea67a1d2c1b881adad08d0d746e5e6ca0b0c0804fc2d451eb5ef040f122d74a5c92c34eece5be2825599ca2354e961f8ca51c458a9212961d19dac1c11585ff6438a9f2c49075cc041048e12ce4b90295f97a41490536325e3fcc20a9ca0574870491ccbbc2dc7999312a5151090a04390dc801ea7e7199964ea92a05736597500c9513f173a30fdde03c4cf2658001d0951651243f201e9b3fa468c519c823078af2805153914019b4f371ddc44c3390a9855a13a8172ab13422a1883dab0062121490500ed5a91d887a72ead1ac9f40984cc4ea05cb2494906dbc671414c7b8d9e152f52d641228d7357d29eddf7f60653a43a42b52d9882e6f76e71b772561341f7964122adbfde6d9aa08e5049c5e1ca06b4f33c07490ca2080abdab6dc30a4228682dec593316b2a252951d239170f42ecffbe51cc9ce08049a922957fdfac0d885154c7428d6814e5f9328df957ac0ab92b0b62e0f2491b726a3c6c224da5763593e229a120058a0e6a8dc284af9deafef190d821b265870bffb7295ea056e749d2fa5c31206f4276e5058c30f8aa907e10092a239d6e7bd23b933422818cc6a9a51cb51cb03ef134a9c595c3ff906249f53f3893b6834452653bf0b72254febb07ecf1b9b24d43d07de7673d802fdabce0a286402a01d45f4b396fc5efd0406bc697d32a5a1560ecc13cdc8e82129b61a40b8bcc1200152a14f88df90701fbb520acb30848332650d34a69415a97a7a46a4e114c5d484801d4425801cd87c45c34473e7248a9d29160f53cb5280a92dce1a9be8c74ac51218a4280360580e4e4bb9ed034fc79410128d340dbc073318a2ad283c3cec077a9ac1b2a5a6e13a87e33404d68c633d7622f88ef21cad2b515a9cb1a9dc9e43ac3ecd508d09952dff00a88a16dc06a016781309356c1080c2a4aa8e4dcdabb8112ccc296aa98b51f868ed637f6de32b61eba167db4a752523535a8e0104d1ddeede9114e208a951166340fb328fac192b0f2925b58a6c455adcfa1bc0988410750f86df7887bba40fddef587a41b209a809e263b3bf3bb31a11f58ef183cdd243269563b8e5cbb443e67c2143531bb7d2259412c5e8410f7b0dc83d63741ec8152f4ec03b85117076343cc9db9de2143eca04dbdb9b433c4a0acbd2b5e4037281938772f751b9726bce9032b46688c6a152e5ecc057b3d63680a00920817297f5a9fd218c87aa554a01aaa524d9b9b756da0650d2a629a9a25484b8045c950346da91a2dd81a26cbf3b74924b54a94fc8848d35bd5a08cd338d24f97c2a00546e58397b121be70a24e08ad6a5b0424951672c0502ab7b7e9069cb13309fe6a43b5c150f7af33b459f2c56ac4c1f60986c490a73737e10cfcfa1a4360a3380429b703886c5eca3c2d536dfad619193a431388700d74cb66049af12abbd1bf2836765684cbd499a141c02908d0a48a710af126af61730738bd58aecae6658732d6c372d5f9d3d691a91284b573dd8874b3171c5d5a0a958398a52a629dc552487219ca6846ecfeb1c796a0dad1460ef77353d1e80da8fd442ca6bd0d4e8816501490c0a524bb3b57e26376605ac6beb0464d895492a32dca96929a076008200e56222639712c411ad4492ab002e1896bf61786d9765c9d616a4e92cc0a480e454971d6fdbd93c8921d41b17cdcbf1335332725294a756c2a48e10426e6d4a1a0bd21663b09342526682f60069a072e6962fb308b84cc4a5734f1ccafdd4a811d86a6ebef1da72f428ea75b312090198579d892c4fe7b0ce61c6254708ad00a8853546a0294722977adf6e504c8caf5026571953a54f6635516ad8b7b771163c560f886b4909760543503fed240f5ff044d925206828d059817292483ba583fbd9a15f23f81512ba8f0da949a290280a529141cabb9277276da17e37c38b48a97ec9269d492187a7ac36c7c89892a694a0cc45180ea2ac2e7bf481e662e74a6049655bb1b820dc6a70fcda0a72fa6a421fb387090ee43d1ddf6706a2d689ce5930f110abf22e4d294dcd2bd4c5865e38a11a8048370363ccdfb383ccd60e95e24a6a5a1082d54e9a9fd7fc407cafe0315f4ae23c318b9835896003b11fe6322cb2bc4e923e14ff00ccfcc1223213cb236302af80003ad6e46ddcedfde0cc34e762038164b96e76edb98c8c8a3eac088a7e24aa8c740aac83f16da474da2744a511e5a884b07080fa500d8a88aa8dacf68dc642ff0000bb399e86745d839d853e6df485b889c09006d534bf6ad034646439a447874b924864a6ac378b065b845aab3084a400a4d016dc16aec7988c8c858f60885e114b51d61412951e140155e97492a364d5ed01e3fcad41338ed7e2516e403b36f58c8c865ba197431c2e1d093a90121ec426ba435cbb9b08131d3c85695cc2af4b536f7e7ce323211f63f40d3d4e0109352c1cddeae5ba53d60352940b90909a0b7563b922bfb31b8c89ad3a19ad132b0aa7e2df97202b7ada373310845002a2cc051f60ced615f78dc643c1d936748c309c4937b91f9560b2420fc5c28f898569a5b7ebb46e3215c9e4a3e8cbb12e3173261200a3070e372e18d76fef1c4c47920d2cd47a9f51de351907da415f48d38e0c0915069a98bf76fdd2186071c4a5401a972c29d00b30b1ac64643629089ecd21335602943410285245acc5af12ca4a8a85793392453a17ac646423ecac46b83cb96a5583121d8bece1ddbac438fcd7cb065a2854eeb147dab47db668dc6418f61932bf8298a62a76614dc82f7adcd60e918d214ea53a546ad4a82390ed1b8c8b9118e2f34520694f0a4b10977a304f607fbc0b86cdccb25c7c4eedbf37ab1de3232338a0db08c7e21465eb428896d54306eb4a0bf785432e4ac278982cdd2fc80abf6dbfce4644dfe7a0adb19664a4cbfba9299691b574a8fe6e0feeb0a93213e611ad44162c5dd89a317a11ed43ce37191aad049c4d40a1972dc50f0bd77a92e6bbc646464732e89e6cffd9, '2020-06-13 18:10:54');
INSERT INTO `images` (`Id`, `image`, `uploaded`) VALUES
(008, 0xffd8ffe000104a46494600010100000100010000ffdb0084000906071212121513131315161517181b1b161818171f1a1b1a19191d1b1d191f1e1d1d1d28201b1b25211a2022312125292d2e2e2e1a203638332c37282d302b010a0a0a0e0d0e1b10101b35251f252d2f2d2d2f2f2b2d2d2d2d2d2d2d2f2d2d2d2d2d2d2d2d2d2d2d2d2d2d2d2d2d2d2d2d2d2d2d2d2d2d2d2d2d2d2d2d2d2d2dffc000110800a8012c03012200021101031101ffc4001c0001000203010101000000000000000000000304020506010708ffc4003c10000201030303020502040405040300000102110003210412312241510561061332718142912352a1b10714c1d1627282e1f03343a2f11692b2ffc4001801010101010100000000000000000000000001020304ffc4002311010101010100020104030100000000000001110221314112031322617181b151ffda000c03010002110311003f00fb6d294ae2d14a52814a52814a52814a52814a52814a52814a52814a52814a52814a52814a52814a52814a52814a52814a52814a52814a52814a52814a52814a52814a52814a52814a52814a52814a52814a52814a52814a52814a52814a52814a52814a52814a52814a52814a52814a52814a52814a52814a52814a52814a52814a52814a52814a52814a52814a52830bf7820dcdc48fea401fdeb3ae6be3dd6ecd38b639b8c07d829dc4ff00403ffaadcfa3eb85fb29707ea027d9bbfdbed59df7137dc5ca5295a5294a50294a50294a50294a89350a5d9072a149ff00aa63fb504b4a52814a52814a52814a52814a52814a8b55a85b685db81cfe4c7fad4b40a52940a52940a52a96bbd496cb28b9d28d8173f486f0dfcb3d8f183c7782ed6aad7a983ad7b13c5a52078604923ee5594fe2b69bb13dabe55a3f512758ba898dd7a7cf4b1008e9e7a4c639fcd67bebf1c67ab8fab52b1bb7154166215464926001ee6a1d06ac5d41700215a76cf2578063b4f23da3ed5a696294a551abf5bd7be9c0bb01adc80eb8044e0329efeea7db8cd5cf4fd75bbc81edb0607f71ec4763517ad697e6d8bb6e24b218c919e47009e47835f35f46f52b9a5b81d66240ba9fcc32323191263deb9f5d7e358bd656d3e3cba5b54a846150463f9b9fb8c7ef35b8ff000eef4d8b89fcaf3cf1b80c4761899ee49ad0fc5ceafaa5b8b055ed2b0201f0dcf627118fb55bf863d48697497ae1ccdc0104f2db7ed8c6649fdbbf397f9eb32ff2755eb3eb0b64a5a5837ae10117b0931b9bfe11e3bc7dc8da28c733efe6be65f0e5ab97f5a8ec4b306df71b23e98c63f02303b57d36baf1d7e5eb7cdd294a56da294a50280d2b9df8bae5cb0135368c32b057f0ca66370ee01c4f2371a96e4d2dc7455c3fa37ae16f50b93f4dd2507fd1f44cc6707f27deb7be9deb89aab1708e87546dea48c60e73823dce3cd7cf7d0c917ac1183f3547f559e24f1ff9deb9f7d7c631d75f18faed26b9df8afe23ff002e3e5dbcde22789083c9f24e607efefb7f49b7b6cdb192760249e4b112c4fb92493f7adecdc6b7dc5ba5295a5295a2bbeb0a35eb6271f2c8f6de4ee1fd047dc8aded497494a529542a1b3ab4666407ad7ea53c89e0fb83e47f7a9ab8cf8e52e5abb67516c95206ddc0f706403ec413f7159eae4d4b73d59ff10759b6ca5a07371b3ff2ae4ff522b75f0feb0ded3dab8792b0dc723078fb7ff55c47c4bea3fe6534f722180baae3c300a4fe383f9a98fad369f456acdb3171833337754666889fd4ddbdbee2b9fe7fcadfa63f2f75df5abcadbb699da60fdfb8fc4d675abf85f4ad6b4b6918434124771b896cce6739abbaad5a5bda5ced04c6e3c027804f69f3c7f4aeb2f8e92f89c98a5733f1bfaab591642f25f79f716e0c7e4915d0bea506c93973083b9c4e07b0c9a6fb89bea5ad3fc5ba33774ae009658658e654e63064c488f7adc1f6ae73d63e21bfa7237e986d380c2e4a93e27660fb1f7a9d599e9d5f1a4f837d7191d6c3b7f0df16c9fd0de2798331cf88e6b9dd2d825d17bfcd883e65790c3fb8fb8abbac4b775cb581f2f719f9648107cdb69da793d3d27b09ed6c69d83fce50431058280645e7da8401832183b81e00c579fdb31cbe537c5feb4d7ee1b36c936d5a2167f88e3edc80781e403dc5773e97a736ecdb43caa2a9fb8001ec3fb57cebd3af5ad3b8b8e3e6bafd2808d8a7cb390416ff009418239f1d97a27ad5ed46469f6a71bcdc807cc0d927fb7bd74e3adbb5ae6fbeb795e3981304fb0e4fef581bebb824c31120790398f31dfc48f35a54f579f50363f4fcb8ff00ac75ff00fc9aeb6e3a5ac75df15dbb2c16e59bea4f12aa27cc7567f15cbfac0b3a8b9f334f876faecb0da58989dbd893391324c915deeb34d66f86b6e0381123c139e4641eff00b79ae27d6fe185b0371d428b7d83a92c71c0039fc440ae5dcebfd39f52b57b775aefbac923333f2dc1c1f055fedffa83cd4baad3bca580336965b380cd06e3127e955c2cf12bf79b7e8fa8372400d742ac3395885910a5b71918900e4408800d57f53bbbae1b5719acf51243248dc64ee68696271983ce205724cf1b5f44f56d2e8d0a82d75d8cdc645c601850588900f7efba7edd3fa5fac26a3296ee85fe66585fc19cfe2b49e91f07dae9b972e0bcb12a147410783ee2bab45000000006001c002bbf13acf5ae657b4af194110720f35cbfa47af326a1f4b78cc395b6e79ff8434f248883dcf9e6b76c8d5b8bfe8deb02eea353681fa186dfb0015bff0090ff00e55baaf9b7c19a816efb5c730a2d3973ce370ff5fdcc5755f0cfaa3ea9ef5c20aa2955b6be392d3e58f4cf8c0f738e3bd4e7a6fea87aad9b57edb59675ea18c8907b18fbc55e6504410083c835ce7ae7c256aef55a0b6dfc4421fb8031f702b5d6e78b75c8e99ae68f51d6082b8703f5db3c911ce323ec3c563e9f63e55eeb122c3331f0766dd918e198a81ff30a9b51a2bf6216faaecec1ae2938fe486debf8c79078ab57aed916a6490db790c376c0550168e30048c9f97883c79dca457f48d036aaf97b87a01df798981ecb991ff606be948c0f047e2be75a5f45d4ea808d82d03821d762f1308870d9ef93dccf3d87a37c39634e042867e77b004cfb7f2fe2ba7e9eff00e35c6b67a8b459480c549e18720f63eff63835a1f873e25178fcaba365e18f668e63c308e3f6f0373aef50b5644dc6da3cc123f702be7feb96505d37f4d714a93bced3d56db924af3b4f3311cfb4ebbeb3d8d75715ef5e6ff3e5a65bfcc800fd9e07f481fefdfb4f883d7c5965b36f375c81e7e586c6e23b9ce17ff0f1d337fe791d27f8e47bf75eff00fbbd1fd6ad7a0da437bfcc6aae2a89dcbb889773dc039da3b1f6fbd73e7acf2312be88a231e3cd2a0d2eb2ddd136dd5c0e7699a9ebbbab1b8a4820183d8c4ff4ae37e21d46b2d065bca97ac377d903da60ca30e41cfdcf6ed2a3d4233290adb49fd400247da713f7feb53a9b12cd7cd743a217559549868227952257ecc36b364785903be376f25bbdb8a87706513f4ac61018cbed102040c72648aecd3e1bb16facefbae5965aeb6f305967db3f6a9b45e82b62e6fb372e2027aad93b908ef83907c19c7db15cbf6eb1f8b1f43bfacb8375e5b76d7b0da7791ffef0bf9cfb53e26b965ad359b97150b8e92c0c48208cc4448adcd43acd225d529714329ec7fb8f07debae798de78f99ea7e65db76ed3f36c950667a2e4419eeabb4e47622b79e91ab57d57f99bf756daa822cabb0048220609e2393dc9c7157b4df0c326eeb550d21554170b3dc973d5c66009aa9a4ff27a4dd76fb5b6b8ac46e05899530c4ab985607bce7b5729c75acce6bb2460448320f0457972d8605580208820f706b57e95f1369752acd6ae83b3ea9c11c93cf3c1c8ac6cfc49a76bc6d7cc49da0a90d33e4111d247fa1e22bbba65683d5be1f06e15d36949cf53bdc2a93dc28dc0919e72310055a6f41d41b66dfcc4f99b41233b7320aeefab8eff0088abbeadf156992ddcdba8b62e0042eedd0188c4c098f247048ae07d4fe3fbc6d84b6cbb82aabdc92bbf3d5b782bcf3fdab1fb72a4fd375be85e84a1e353a421bf4bef2e8633046e3b4f82707efcf60aa00000803000ec2b81f4ff008dfe4e91774ea2e5b1fc6627e5f24e06ecb912048078339ae83d67e28b5674e6eab5b671b26def12a5803060f835ae79cf859c62afc6772db050b7365fb6db90195247076b1004f719cc4573e35773e79d4c7f10ae047fee1416ce3f0cf1e22b75a6f89b43aed34dc7b68d195b93d0d80769e92c01c749cd5cff00f175d9f2fe6b620ced1b7bf4ed11d381de7deb9f7cdd63ae6eb2f83dedadb29f345cbacc5ee41dd05a396e0e00ccf335b6d4fa6d9b8c1ee5b572040dc370026700e01f7e78f159e834696902a2aaf9da2013dcf73fb93562b72799564f15b596c0b4ca0002300081cd49a9d2dbb9874571db7283fde9abfa1bed59add52480c091c80648fbf8abf6a8b47a44b4bb6daed592607009e60761ec3dea7aaf7f5f691823dc4566fa54b004fe2a8fc43ebf6b489b9fa98f080e48f3ec3deaac8bfad3776936b616f0f307f238af9f7aeea4ddba05eb5f26f8c6e130c3b48e707865ddf63db7be9df1ee95e45c6169a240277023d98089f6aad7be2bf4ed5b223ddb8b6c92a093f2ed330ec58193f9c563be6d8cf5c5ad46af4bb55998850e65a33ff110a3b82ec79200d8b9ce77ff000bebaf1516ece9c0b2bfaddc8927933b7a89f0040f35b24f44d2dd1d2a211a11adb4110ab3d4a7c8efde6b99f5ff008f1f4d71ad5a0b745be96660cc4b02064ac09cf1198fcd679e2ca73fa76df1f4014ae1fe19ff0011ac6a0ecbf165b1b18c8579e799d918c93066ba1f5af8974da5506e38331d29d4d0660ed1db1cd756b2a5b9e83a767371ed8b8e4c92e4b7d841e981c0c7f7353b699199d5954a9441b48044037231c56bb49f17e86e027e7a211122e7411bb03ea89f7898af2c7c4ba66d51b0afb9b60323e91b771399ce0f2315330fc57f43e8f66cb16b4a50910c031da7c4826247623cd5eae71be36d1ef4517015691be400187d2a43411bbb3718fbd7216ffc42d50b8c42a5c4237048e141cc119c481266ac8b38afa8dc40c086008382089047b8ae2bd7be1d4b6c1ac7ce2c722ddb5ddb7df7f283f73cfe3acd0eb37d94baea6d6e50595f057d8cc7f58fc567fe72decf99f31367f3ee1b7c7331cd67ae65f962cd7207d3753f2bff004577f3b772ee89f11b66731f989af7d07e1cb77496bdf3b788dd6ee2ed9f72dcbafbcfdeb2bffe20e956f8450ee0c2ee11e798998fbc707b64d6d77f88aa2f84b49bed83b4938ccfd40892040c63dcc76cfedc5fdbb5dddb40a0000003803815ed713a4f8fd5eeed36c042c14007ac1263330bcf6ede6ba4d3fafe91c12ba8b5862a65c0c8c1e627efc56e7ad5e2c54f49f89ad5eb7718954d8c5659ba49ec41f154fd33d6756118ea6da2a10df2ee8b887a860021707719220f0335c4debb6747a4637434b33c5b18024955689dc163e9ef064c9ad37a5faa3a5ab8975ca07b8aca86e88023ea0bc2ce67ee38c523a5e23a5d7fc597ed02a6eb1eac050b85c47be0c7e67915dafc2df1026a2da233117c5b52ead0092203344cc6e3de39af8469f5a6e167c6d43b9248fd24e23ea2b2473e22726ad684dcb8dbae39ddd2176315552c5889d9049951df93ed8b98593a7e8a67039207dcd6bfd47d6ec59fa9c162255172c41e3d80f7240af83696e5ededf31822aa1862db89512b85cc9eadc5bda2a5d4eaeefc902d0200244930ccd126639ccc01c403f627e13edf42f57ff13112e1f956fe62291bb3edcc89119e20f198c57097fd49752cce5b61724b493fa8e0491d43bc1ef9fbf3d62fab38273ddad82502f06376d38ed3133f6cec52d259f9ac6e17215783ba44c1130788cc8f13d855cc6a63cf4c5440ce5caed90000048933d409958c123f13da7d2dd0f66edf4b96d4c420325fb403825f93dc90003e2a96a2e21b417e4ed7fd58586fe58fd248023ef98022bd42aa969d9d0849281b924b63200dc3bc624083cd5136a9b20aab408db8f962015dcb8ee584907248f68ac2eeb1edb83b5f70df0ac4c866022493c4c98c667dea95cd4a90d2304ce0c663ab13c927313862798a9574a5ad239ffdc68b40b1020189ea2672473e7c4d0d5cb9a9b97577bb9c4091b201204926408cb466302060466b6aeb214526e0939e624ed044f004f3c19f354a3e5ab5be18448130080369fc863e4983c7159e99dadabed93f30317c8048e13699c0209270671e2986b3d6116bb1fe18dbbc32292d13cce14a98c0cc0f35d57a2fc71a9d325b5da1adaa81b1888139003658919519c1ae20eb48b50a81419da018dd02264f22063bf8a9effac2edb6cab0c02c7985c1e44833efc8f14c3c7d193fc593bc2ff95ddc06dafc31e20c71d883119cd591fe245e42cb72c5b2d92a15ca8000904920eedc4f38c76ed5f30b7a8dd76e470042c000480146e998ca6493cb4e73329d4bf2b96952ab233b409f6279247807b18a27e31f4b6f8eeeb5eb9d2a6c14e95c065c886626077ea124711efc2eb75b785e3f26f5c56ba27a4c000c1e47e8c733381cf7d79d40227f865ae1cb83b9baca91260aaa8110008811c826a8dab574a35c3bfe5926762c813f57fc2319f693f6a927ab927c367ab77761b6e2b95da1cc10c41c9839c9c1331c8f68d8ebbd4dee21b775d98a06284f511b8f502edd4671d24100fed5a07d40b570c34aed1016044af22331fbf222aadd66bccaa8a26e3083b8982001bb1d84fee7f1570d657e5d86f1c488b644f4eee4f0048fea7daaefa88742b63775a06276f22e6d18107958009ec55aa9aa3adc0e593a543288db2cb2008272a08c93cc719cacdfc0d882e132595a4c676818004467dcfdaaa37fa0f5cd4e990f5bdb6eb2d132e2e6d12d2259e4609e319249ad7b5e019adeee0c961b9b73441380390739ed355be7390858c4b027aa030244607f7f79155fe729daa676c1245b064c104cc8201cccff002ac7615305bd4fa8985d80e704428920e71c0f7c76e79a696e5d636d9b79120ed28781d23ee0281c471cd55bb743a3b306500f4c193238131c0feb038cd49e9aa405b96db10c1548260677126636e7bff49a7c2eeafe9dedbdd50e4b0320313d222483918e679ff619d8d2aadddc76b39b811724086386279208538c1131919aa3a7006f3b86480242cc6e05ff004c9e0cc73327b1af35e0e9ef072bbc7cbdc00246ddd8ce4c411c0eebcf359fb5fa58f892e335f6daa15082584e14601e78e47ef513df28c1d1f6b896579ea0cb91c70d2067b561ea5eaad7155880a36f4ed3d40c81968cc88e903c7e35daad2332ab2c9258891918f39e78e47fa56b9f8ca9d5f7636da1f5abec16d1beed6d981d8ec48669fab27b6663bc78ab7a3d45e6b77505f716d9b7a80a5b714dc24acf4ccc4cfb9fa456b99ba555594048c62660c9fb4fee4d54d5b25b22c876652648e06320467b931ce3ef44fa5cb9748b6c5584c00402492dda7764289811e3f271d0db633c93058e393e6244789e31f9aabfe6002a3a8c0eea479923b9271e38153e8a195c9d8edd30ac38ea391f68f1dc8e4890f6e7a8846dab323be76f8c839223338cc7bd4f6b504892c32499d84cc9999284e6abba6f728ed803a65b049c003b44f731d848a92ebc9c0007fc4e493399e7833517577d735d7b5040b8541732047500b92dda018903ee6a2b76ad23cdc5728c17e5bbcfd58e00ec49db9ec47daa7d6697e55e467da082074dc276ee06464640123df7478ac7d3efbff9ab45806505ba209daa148eff005448e7da6afc1f2d8a5d4bc6cbff00e983cac0330d0263b2ede381f9aa9ebdac1698db525cc0dc480db81cc0124000918ee4ccc8aa7ea1afc109d30e58882410dce39dbf78e6b5f76cdc2cd7360200385e373298edc899ff00a6a48b6b60f6c1d8e6e96655c8880034f71de23c93027c55bd2e9896540dbe08550602804ac659224c647bf3cd54f492c877000c7d5fa8c7009e46ece0781ef52e96c5e670339ea7d9d38627827131207dfef55123e91554347d260a2b6d93e247eae7201130639158fcf40ac9d001da90243477c283b8740593cc89038acae590f95b44b2992fbe176b89da71d3c9ef811e62bc371a136840b327aa41e65c82719920011831c898aaf72eee5086db47533060626304400d04c83e7ee339ddd4a20f78e04ec89981c930bd4727ea331009a5aaf503c6f2db3811190009ee6209064cc935535ba9b974ccf4192028992646e8cf5331381fd80ad6336ad5f16487276b36edd00c74b963c93903131fca3de6cea4ee65258ed44db69400700648db8404f126447dab5da0d0b199522580048c992a0e38227fb1f15b2d46994aff0012e1401416800bee2cdc988201692402202fe148ac83e635b919775e65982c46444900b71df9c60d6c9edaa9bd6cab32a49311d5b56149e0cc9fe9d81aa8dc8258fcb53b9483396904082373020f79ee4888115fbea55f71fa60aa89e636cf880b023031ec2a7cafc2d59d122802f0deeaaa0c991b06d8818e04667fad62896951a00e95904726475068f076981d82e7208c34761eea8dd6cbcf7261881271ec0c622327b8a957eab7b8aa625524055c724e0c0c60f7e302948f754e86e37cfbc4ab0c93d2c7a4f223123139cf9aa9644ef085c03055818ea8264b90207833f8c0ac3496559be711bd94085da60b3cec3df18904c762620d5ed4b12cbbccc030144e70184f71273edcc76a30bd705c662d237004edc2a169827395c1c0e3c5564d35b4b2cca54312a421da4812403dce48333d80ce718ddd52b1621b6a132091922382726047133590b1f33f85bdb6f60046d5032648e48ee4ff007c857bd60dd62db604804ce142ee0d20e49c79e455859170adb65d880edcc63b98811938a89ed152a9920b15ddbb0db64100c64ff43e7156ac3bcedb62d97db0040da14ed05989f11c133fd89189011506d67b8000a429c892ddc6571cf03ec045a5ba2daa8105865391d25ba73b467abfa93f787445cdcc8dce313d8004186995da723ef1daaa1bc77bf3c4008220b4968930167be3fbd4b165c594bcdc05431bb6c93b670ad12273113da7c9aaa3528b71180e9c8e3648832472391ce3fb559b7d0a37dc53718b0e3022548dd89c4e001968f7a8748b2a88e4ed4c89000d9040c73b648c7bfb8a78325bff00403b191c823dc11810474f133db762b2b6a4a96de0a8237a1105a38961881258981cfb8a86feb8012d3b490cebc6efa4c1f111f7cd58d621288850fcc7820eee549990b8db9395206673192a454b67636d1b1d8020089520c8912649c823de0e722b2bdbd90da009244b0c60cc0267d8607693e2af69355b4a945456e10c4ed0a231331d2482413fbf1add3dc2b799815237156668800f3db240e3ff000d11e68fa46c6e0ccfd3c818258cc0ff00603b8a3e9dad850493bc9dbc0fb1c1c319e3bcc49e2ac7a969510a5c3b59660fb6d00031e3fd87e3d7dce7a1a440da4992477893238e7fed4dfb5cfa61735aa36b2a9c600912483924c1ce0e4f93ed0d2598b9b882548077158cf7c6303cf922bc7d3145fabaa04ce0019071faa0773391ef8dbe8bd32e35b9d821548df38c0e7edb81118fa4f39a96c90936a8eabd487cb20291b490c49cf180040e279f3fb561e973b99198aab0960d9260f3dbfa5437ad36e699dab919852dee7862303fdab60adbc85f96c0985324c08240008f33c9f1ef353e278bf3f2a9ac50a09da4ab4260771e034f61c63f152b7a4dcbc15f65d724658296248e6491f579a81ad29df1b44151b1e4b64998e9ced19ed8359a171252e5c5526615dda3d891009ff48ad4acd6eed68ffcd5f7b972459046eda4492401d383c8903139ed1546e6b155b62aece9cc0023bb813ba78381138ed587a507bb6d999c8da51776e82369927b9313ce0758935675be9d695d303254490c4b112002c4f248f1c09c66a2abff00946b9f337075006ee49651c812560c6e0c60e67bf3529d493a7b76ad8bced72e0313cdcb806148510481824139353a38224958db1f4fd2d32b38c8c80c4c9c1079ac6d6bae58606d29675480c52409046499e22239edcb54f9549eb686d3adab1b4b2f692a42850492148230272780679aaa97d95a1d9d63924901430218b4fd47201e7a718aabacbe15b7aa3bde66dcee265d89058e703327b033e2bcb769ae9fe293f30ed516e031276f68c010073c41e3b593c2df5674ef76d5b6c2ed865c9dbbf920cb182003ff0073c54d7f468a18330721480622431de5a089020c4e71ed507a912f0b706d88912bd1b4c10489271189392726057972fbb0b4a42ef1d225b1b7b31047049106279c77a0c6c936ed7f057a8887eb1b888c600cf638ff0049ac8dee91b50217da598810043185133fcd91fcc4fbd5576b62e14b81c248131fa4761241233933271c1158ef9e10b10d2081cf76049c6ddaa704419cf68b89ad85bd42065890083f72608c8c93f5100131233138ab7ee16dd0d2c5c9618e9c1503801b89991d4c3f32594171c90561492080b1b6604ae0881e077067c4ff000f047bbb2ebc83b96e338c10c33c92270a639918c4d4be7ab3d56becac402008558de7680b0b3306493f6c623cd2eda516d8c9b61940c0fd3267cb700fe918513c54fea9a7b56af0b3bf06d987866692cc42c29c1300e3c01deab5cb45b7b6d559c15727a8a02092311804c1e40c918a6e998c35970db58562c49124c1853803dd4408ff009457b7effce4b7fc4d801da606480b27904cce33233e2a04d486dcb0bc900edda0292b90a3812018ff005af76236dde16e162772aa90d0636e73c9c6e19cf7e2b4cb2d4ea911ae7cb25378dcc0ce0830b91913b8f38e4579a372c4dc9525b696124990bc303c64f7ee41e2a4d0e93727cdb8a0ac2aa819624b6dc64601105a79c0933b706d6921d620bb2f6e36f3919007b0fd23b0a8a9340e4dab8a6db30cb1e23030632224c98e0b0f6888cb152aacec6260c0da09dca73040000feb88af6c4a95724e2521071b943723b12ca23efe6a0d0a39d82594863198582792227999e66231551635d65b61820126374820100c4478120fbd43a7b855b7804055da374137088391f6078e733deaadeb6ca5a49022418852c3c088ff006fb55bb56999806de383b98700c6e217f50000c4f7a0b57fd4414453d2603383126482033013d246381d5c4f556162f5ad8fd445c52195950b6f3006d338551f503e01e09aaba6d31ee514e480c4181b8e3767688cc9c195f3571506e1bd604a8219f2099dc4c02dc19fc798a97166a1b175b7a5c217838264f20f124ff31c8f356347a922e46d53b81024880265a0cf12b031db8aacd7a0b61a581daa4ee2a4cee9ed3989fb78c4b740d88e6d823827746ec7504824e239f3e0d2a4497758e34cb65eda329461f34cef1d4373027be368e2018af7d5aedcd532dd4da563c90640eb539cce48313da7826adbd26a6eac59b2cf2a24859519c9fb03da7119f65e55b05510142a76b9dc03376227be738e2a7f8f95ff008b0d72d6cddd419554a82472b04600039624c0f1deaae86d86b5be4003e586131be4b49e4606d1e4491db99afafcb70cdb2032b09dc4482095076884edd4249fc554d4dd0c0b13171a194c0e0f119c0c5242d48c81d88b80ed504b85e919888c718fd8cd5cd4d8441bad920e782072015c9fb4fbd6b6daeeea2d2b80d982664fe92380474d5db3b46e50197206d043631265bbcc71103be629612bdb6e595d9f8162e0f20b163dfbc08efc8c715e6840b7fc436cb4a150c0c32e48ec4476f71c8acd5d7704b80240671c020858805b24ee0041e67b723128c1505b325cb0339eb1b8f48c10a148eaf20fb1a9fd299b973258b382482678dd86004b1933f8e2a7b6a6cdc4ee198cf6cc47224e279ef23c9ac2dea5555597674012fcb36e224341da5c12648881fb98b56c771244660ec88ea00c4f18c88ee077314fe8fed96bb4259b7292cec40907b9c75463257cd4f75c2c060498ced1b8724723078ad7da5170cb027e908a499279267b8853ed9356e752e01b654000032c0646098318a59f492acea112d58b765a4c82a5606e25b20f955261a07399ee2a43648f96f73735d903693b000313244c8188cf02454962c85baeac4fccf964dc6604aa880539003130a771e60f151fa85e010175dfb767e8e001c31c0249ed113220e08aac6f32b900005402c761041236c9323b08e39dbee663f56d48b7636ac8124c163fab6b2e3db74cf79ef0656f516ee8dc6d16104446d551b8024b4c3301e0773e244ba2b8b76e1dfb5e3262498202c6475781338fbd11adb1eb6aac4282ac6405323a624927924e7fef3566c5a755f9db9017dccab12c01e906091071f7c83e2a4f55d4055476553905713f48831ff1199ee24f041ac3496be6290c1a0192d3208591b408da39e79ce22a8ad674d6c03370bed83b6253739cf4959da24fb9fcd67abd543b6e5c99caf513b18cf2704c2c9e31598d5da540a774bc4fd4a02ee8c73b09049f30224e055ed35f52970a840658edecacbc0123a796020642f6ee22a2ff0012484001507784ea656983b8496ec419fed517a842da90cdb9890436044b2a03b47d4012667f9aa5b5eaf7750c15e19500b76d40e911c030016820409c6e31c4558d6dc4f96a8c2e328dd1ed20068000009824fef2704427aada6d526d6552a762c3b44062411c7898f6e7deb0b173692e044ae0a8da09839026790a66063ed06a69cb96649629b8b44101811b64cf804664983569b4fb7101f050edea01a0e57ce0e0fd39200c18b86a85f4965d8ac778592c3b9dd318cc831b478113c0bb7acdc75174f4a93370c40206e0cd1de48e332488113599b485cda605557e92264b20036ce36c979f3d24626a2d2a80b76c6ee862009cb18db8559991c4921781551635363a5c81b4b66718c0238230482673feb586934c2d5b4b97a5d8cec5c8939e9b841ddb700055cc8395cc637977afcc71098059ced98e555413339303de488135af5a7db0cf05a217731d98dd2470410c0cf991515b1b97dda2e1258406daa15411002ac37d002f61113c54568dbd9f31a4b316cc9e962081004ced208ef30c7c450b96c5ef96a47cb1105caf13db00c0c4f639157fe4adb4555b6082fd061d40f97264e73d441800771dcd041a5dcc474b49620493c8191fcd804c831c73595fbd743b6dea69845e18ed13708e00199c8c9a8aedc996260486dc1214985dc2040ee4623009c9399addf005a6c05da41418dac42c4e24190278e63c504c3476090ac48014ee2ae241e1601e9dc41f0466079a97521ed1dcd2cc6610813883076896033dbb5514b4c2e35c61b554657b36783811f68820fdc8b165d4100a0b40298da4413b5cb00376eee460f07f025d598c4df818b6090bb39064a8026418254c02788060939a8efb6ec06496c0dea001039513d261639e54e40e3c7b24fcce9fe5982072640923ab3d80c09e6b0b3a4b676ca9899cb63dc924c1188e78157c4bab170e36a126429e91c11d2093da79cc0edcc57aab72e821de57116d44960b0049c8ec200f138ac74f715ee45a003bfd44832481dc6e83198ec01fbd2f28b645a440011209216206449062499c7eddea0b7a4f595b0eca431dc601c0d82009c18ed3c4c9391915a3b7a73706e533fc40090412ac4310584ce4298ef8ed56dc7cdfaa142baa9d846082c7713106431c91dfc558bd718205931d40b6eed3d2090627a63c67b914930beb5dea9abb9721409efbb20403938f7911da7ed525bd35c7582032a126783920309e48cfdb9abba7d15c0db96d30572a0e09e9c8119249201edc803be6bb7aa7f0b69015d5a36f2048007895113fbd5ddf84ccf934f6556249004151b788227932c7073dc53702cdc0dc3b130c67b1200cf1f61cd436a56d9371986c3d401da0e43c02018248fa841fdcd4df3fe62862209dec33802483d58c603081c9a956306be5ced04162712bf4a8c986cc020f61dc7e2416c293001712b0301448389fa8c0fdff00ae57653a97683880413018756770c2c1cf2607e26b708aa0956fa8c6de49c0dd9ce2079c779a7d0f3e731b613600bf79624e40246194e246498ec3261f946e8751047d5b47498e99e478f6ed59db752301516d9661d98eee17cf606640fabdeb0d36b366e65453baded3bc6ee9393b66048ce479fb8a0934360c022428c02713c8c183f7c76834b2aef24dcc862a731c18cee933fef57acfa89008b79b76c490310030dc7a44ec92327f980ef54ac6a5808fee639cf0509ef49a5c65a1d6ad82d6dd493746781b64fd89020b67f6cd556556ba16e065b44eee99382099100912790060f306bca55fa3ef12eba540b76c38b7b7059402448c0260c02099f73c03553e55c62588778ceedc64ed5e861e3c8f63f9a52a4be167a69b4eb707f12e80124121a4b1395da3bf31fbf9c6d556dd95b96db3b2194a309607c83c1120fe7b7752b5624aada2bfd6e099324bb348f1f4e0e40c46678e335ebdbb2f65ae6f25f78e9dd0154401304486c993e7f752986ab7a4fcb122241583d941c124cc7040233fcbcc98da69a7e4fcd459230a0100004416da5b9107fef3014acf7e7abc7be35565fe63904025fa1a6009312e409cf4fefc55dcb438018ed42d2e02a6e07bf2012240e08513ba4d295aa91eb5c551b01dcd9185f24127eac7248683823220552b4cbbc980428c88dbb8c0304eddd33e7c408cd7b4a61a845de96300033bcec9e93d4a003c19ee2311daadfc3d657fccda6bdd4adb900da1802ca42b1c44a9209c76f634a52fc527caf69b4ca75170b330b48caa4ece58e66266140181e078aa69ab457b81a76cca98e40048c676fd2063cf7a52a45acad753b264f48804ccbf788c9001cf6cfdaa0b841b8a0dc5fe27d5cf2bc67125a00078c8cf952afda5be2ddb4b97264adb4db963c0c81b6648c124607eaf69a8574e4144370300485dafb90e73d4064e2338c679c29522d497d155006e4ef0406c4486062702085e7b0e20553b33b0a28562d0b91d0002cc0ce0989249f61cc654a7d27da6d4dbb56dd05bdc4c0dc4ce5e22028ced31c739fc52ee9c9b8b92ed076c2865813b4782d8c9ceddbf6a529f10f9a92d294629cb440d81b702d8fd0589607bc9e5799ce5aab2d9ea75710594a3070c8a18982b8009322490562077528ae934beb6af65f7aa6db52b7131b403dd41e474c8f6ef5c9aa5bdebbd012416843240198017eac4ccfbc440a52b1c7325b8d75d6c8c6d69c3fcd5623618208f24489ce7191cf26966ddcd859a48495b59fd40000773180067049c64d295ad671b4bd6ad05436cb35d750209e260c99532a0ac7eff008d5ab6f704b9dc6e00664c05304e0e23a888ee7914a54e56b221998b063bd5d54405da6302060c64718ef15323c3fcc582dba48c100fea0440dbed1e3bd2955185d53b0dc4da0182cb1b8cf50c1fd2727cf39ef5b4d3e957682ccb2d98678807e91c788fccd794a9d2f2ffd9, '2020-06-13 18:58:14');

-- --------------------------------------------------------

--
-- Table structure for table `plantcons`
--

CREATE TABLE IF NOT EXISTS `plantcons` (
`Plant_Id` int(3) unsigned zerofill NOT NULL,
  `Farmer_Name` varchar(100) NOT NULL,
  `Mobile_No` int(13) NOT NULL,
  `Village` varchar(100) NOT NULL,
  `Survey_No` int(50) NOT NULL,
  `Taluka` varchar(100) NOT NULL,
  `TestingDate` date NOT NULL,
  `CropName` varchar(100) NOT NULL,
  `SampleNo` int(50) NOT NULL,
  `status` int(1) NOT NULL,
  `Id` int(3) unsigned zerofill NOT NULL,
  `Payment_status` varchar(8) NOT NULL DEFAULT 'Pending'
) ENGINE=InnoDB  DEFAULT CHARSET=utf8 AUTO_INCREMENT=16 ;

--
-- Dumping data for table `plantcons`
--

INSERT INTO `plantcons` (`Plant_Id`, `Farmer_Name`, `Mobile_No`, `Village`, `Survey_No`, `Taluka`, `TestingDate`, `CropName`, `SampleNo`, `status`, `Id`, `Payment_status`) VALUES
(008, 'try', 9898989, 'try', 566, 'tr', '2010-03-03', 'try', 6, 1, 001, ''),
(009, 'bhakti', 7789787, 'jnd', 7, 'jnd', '0007-07-07', 'hnyun', 78, 1, 001, 'Paid'),
(010, 'vihar', 98987887, 'jjj', 6789, 'yhyny', '2001-05-05', 'jnhjn', 8, 0, 008, 'Paid'),
(011, 'jeel', 1234567890, 'jnd', 2, '', '2020-07-21', 'crop', 0, 0, 021, 'Paid'),
(012, 'jeel', 98713, '', 0, '', '0000-00-00', '', 0, 0, 021, 'Pending'),
(013, 'acankc', 989452, '', 0, '', '0000-00-00', '', 0, 0, 021, 'Pending'),
(014, 'csdcds', 2147483647, '', 0, '', '0000-00-00', '', 0, 0, 021, 'Pending'),
(015, 'cacda', 46531321, '', 0, '', '0000-00-00', '', 0, 0, 021, 'Pending');

-- --------------------------------------------------------

--
-- Table structure for table `plantcons2`
--

CREATE TABLE IF NOT EXISTS `plantcons2` (
`Plant_Id` int(3) unsigned zerofill NOT NULL,
  `id` int(11) NOT NULL,
  `fname` mediumtext CHARACTER SET utf8,
  `number` text NOT NULL,
  `mail` mediumtext CHARACTER SET utf8,
  `address` mediumtext CHARACTER SET utf8,
  `pin` int(11) DEFAULT NULL,
  `typeofsoil` char(255) CHARACTER SET utf8 DEFAULT NULL,
  `typeofirrigation` mediumtext CHARACTER SET utf8,
  `typeofequipment` mediumtext CHARACTER SET utf8,
  `afterrain` int(11) DEFAULT NULL,
  `typeofcrackd` mediumtext CHARACTER SET utf8,
  `cowcount` int(11) DEFAULT NULL,
  `bufflowcount` int(11) DEFAULT NULL,
  `bullcount` int(11) DEFAULT NULL,
  `othercount` int(11) DEFAULT NULL,
  `lastmonsooncrop` mediumtext CHARACTER SET utf8,
  `lastwintercrop` mediumtext CHARACTER SET utf8,
  `lastsummercrop` mediumtext CHARACTER SET utf8,
  `cropclean` mediumtext CHARACTER SET utf8,
  `cropremains` mediumtext CHARACTER SET utf8,
  `lasthectorproduction` mediumtext CHARACTER SET utf8,
  `lastaccorproduction` mediumtext CHARACTER SET utf8,
  `lastvighaproduction` mediumtext CHARACTER SET utf8,
  `monsooncropproblem` mediumtext CHARACTER SET utf8,
  `wintercropproblem` mediumtext CHARACTER SET utf8,
  `summercropproblem` mediumtext CHARACTER SET utf8,
  `season` mediumtext CHARACTER SET utf8,
  `fieldcrop` mediumtext CHARACTER SET utf8,
  `frutcrop` mediumtext CHARACTER SET utf8,
  `vegcrop` mediumtext CHARACTER SET utf8,
  `flowercrop` mediumtext CHARACTER SET utf8,
  `medicrop` mediumtext CHARACTER SET utf8,
  `cropname` mediumtext CHARACTER SET utf8,
  `cropcast` mediumtext CHARACTER SET utf8,
  `cropplantdate` mediumtext CHARACTER SET utf8,
  `seedmass` mediumtext CHARACTER SET utf8,
  `tworowdistance` mediumtext CHARACTER SET utf8,
  `towplantdistance` mediumtext CHARACTER SET utf8,
  `treename` mediumtext CHARACTER SET utf8,
  `treecast` mediumtext CHARACTER SET utf8,
  `treeplantdate` mediumtext CHARACTER SET utf8,
  `treecount` mediumtext CHARACTER SET utf8,
  `treedistance1` mediumtext CHARACTER SET utf8,
  `treedistance2` mediumtext CHARACTER SET utf8,
  `status` int(11) DEFAULT '0',
  `payment_status` varchar(255) CHARACTER SET utf8 DEFAULT 'Pending'
) ENGINE=InnoDB  DEFAULT CHARSET=utf8mb4 AUTO_INCREMENT=3 ;

--
-- Dumping data for table `plantcons2`
--

INSERT INTO `plantcons2` (`Plant_Id`, `id`, `fname`, `number`, `mail`, `address`, `pin`, `typeofsoil`, `typeofirrigation`, `typeofequipment`, `afterrain`, `typeofcrackd`, `cowcount`, `bufflowcount`, `bullcount`, `othercount`, `lastmonsooncrop`, `lastwintercrop`, `lastsummercrop`, `cropclean`, `cropremains`, `lasthectorproduction`, `lastaccorproduction`, `lastvighaproduction`, `monsooncropproblem`, `wintercropproblem`, `summercropproblem`, `season`, `fieldcrop`, `frutcrop`, `vegcrop`, `flowercrop`, `medicrop`, `cropname`, `cropcast`, `cropplantdate`, `seedmass`, `tworowdistance`, `towplantdistance`, `treename`, `treecast`, `treeplantdate`, `treecount`, `treedistance1`, `treedistance2`, `status`, `payment_status`) VALUES
(001, 21, 'JEEL M FALDU', '', 'jeel@mail.com', 'JUNAGADH', 362001, ' ', '  ', '  ', 7, ' ', 8, 4, 1, 9, 'c1c2c3', 's1s2s3', 'u1u2u3', '  ', '', '78  ', ' 4 ', '2 1 ', 'NO', 'NO ', 'NO', 'Summer', 'f1 f2 f3', 'fr1 fr2 fr3', 's1 s2 s3', 'fu1 fu2 ', 'o1  o3', 'Flower', 'flower', '2020-07-03', '8/ /  /', '5/ 1.2/ ', '7/ 7/', 'tree', 'type', '2002-07-03', '/ 8/  /', '1/ 2/ ', '3/ / ', 1, 'Pending'),
(002, 24, 'jeel', '', 'jeel@mail.com', 'ljnkj', 9898798, ' ', '  ', ' ', 4, ' ', 1, 2, 3, 4, 'ytfkhgkljhjlhbuykgkuyg', 'jhvbkjhvkjhvhkjbkjhvhj', 'hgvhhgvmvhgvhm', '  ', '  ', '7 8 ', '5 1 ', '2 3 ', 'jhvjh', 'ihbkuhb', 'ubkjhb', 'uvhgvb', 'jhjbjh hjlbhj bhjblhj', 'hjbhj nb jhkb jhb', 'hjkbhj lbhj bhjl', 'blhj b hjlb', 'hjb jh b', 'khbjkh', 'jhkbkjh', '2020-05-04', '7/ 8/ 2 /', '4/ 2/ ', '5/ 1/', 'uyguh', 'hjbhj', '2020-08-07', '4/ 5/ 2 /', '8/ 3/ ', '7/ 2/ ', 1, 'Pending');

-- --------------------------------------------------------

--
-- Table structure for table `snapshot`
--

CREATE TABLE IF NOT EXISTS `snapshot` (
  `Id` int(11) NOT NULL DEFAULT '0',
  `Image` varchar(20000) NOT NULL,
  `uploaded` datetime NOT NULL DEFAULT CURRENT_TIMESTAMP
) ENGINE=InnoDB DEFAULT CHARSET=latin1;

-- --------------------------------------------------------

--
-- Table structure for table `soil`
--

CREATE TABLE IF NOT EXISTS `soil` (
`Soil_Id` int(3) unsigned zerofill NOT NULL,
  `Farmer_name` varchar(50) NOT NULL,
  `Mobile` int(13) NOT NULL,
  `Village` varchar(100) NOT NULL,
  `Survey_number` int(50) NOT NULL,
  `Taluka` varchar(100) NOT NULL,
  `Testing_date` date NOT NULL,
  `Crop_name` varchar(100) NOT NULL,
  `Sample_no` int(50) NOT NULL,
  `SoilReactionOb` varchar(100) NOT NULL,
  `SoilReactionRes` varchar(100) NOT NULL,
  `ECO` varchar(100) NOT NULL,
  `ECR` varchar(100) NOT NULL,
  `OCO` varchar(100) NOT NULL,
  `OCR` varchar(100) NOT NULL,
  `PhospherousOb` varchar(100) NOT NULL,
  `PhospherousRes` varchar(100) NOT NULL,
  `PotashOb` varchar(100) NOT NULL,
  `PotashRes` varchar(100) NOT NULL,
  `Opinion` varchar(200) NOT NULL,
  `status` int(1) NOT NULL,
  `Id` int(3) unsigned zerofill NOT NULL
) ENGINE=InnoDB  DEFAULT CHARSET=latin1 AUTO_INCREMENT=3 ;

--
-- Dumping data for table `soil`
--

INSERT INTO `soil` (`Soil_Id`, `Farmer_name`, `Mobile`, `Village`, `Survey_number`, `Taluka`, `Testing_date`, `Crop_name`, `Sample_no`, `SoilReactionOb`, `SoilReactionRes`, `ECO`, `ECR`, `OCO`, `OCR`, `PhospherousOb`, `PhospherousRes`, `PotashOb`, `PotashRes`, `Opinion`, `status`, `Id`) VALUES
(001, 'hgy', 6, 'gy', 0, 'gt', '0005-07-05', 'tfvt', 567, '6', '6', '6', '6', '6', '6', '5', '5', '5', '5', 'rfr ', 0, 001),
(002, 'bhakti', 86765, 'tfvtg', 0, 'gbt', '0004-04-04', 'onlin', 0, '4', '4', '4', '4', '44', '4', '4', '4', '4', '4', ' dfrf', 0, 001);

-- --------------------------------------------------------

--
-- Table structure for table `try`
--

CREATE TABLE IF NOT EXISTS `try` (
`Basic_Id` int(3) unsigned zerofill NOT NULL,
  `name` varchar(50) NOT NULL,
  `address` varchar(190) NOT NULL,
  `area` varchar(100) NOT NULL,
  `w` varchar(60) NOT NULL,
  `status` int(1) NOT NULL,
  `Id` int(3) unsigned zerofill NOT NULL
) ENGINE=InnoDB  DEFAULT CHARSET=latin1 AUTO_INCREMENT=4 ;

--
-- Dumping data for table `try`
--

INSERT INTO `try` (`Basic_Id`, `name`, `address`, `area`, `w`, `status`, `Id`) VALUES
(001, 'bhakti', 'add', 'yy', 'yy', 1, 001),
(002, 'ygyhbgy', 'tfgvtgv', 'vtv', 'tv', 1, 001),
(003, 'abc', 'abc', 'abc', 'abc', 0, 001);

-- --------------------------------------------------------

--
-- Table structure for table `uploading`
--

CREATE TABLE IF NOT EXISTS `uploading` (
`img_id` int(3) unsigned zerofill NOT NULL,
  `file_name` varchar(100) COLLATE utf8_unicode_ci NOT NULL,
  `Id` int(3) unsigned zerofill NOT NULL
) ENGINE=InnoDB  DEFAULT CHARSET=utf8 COLLATE=utf8_unicode_ci AUTO_INCREMENT=15 ;

--
-- Dumping data for table `uploading`
--

INSERT INTO `uploading` (`img_id`, `file_name`, `Id`) VALUES
(013, 'upload/761957images.jpg', 021),
(014, 'upload/404679images.jpg', 021);

-- --------------------------------------------------------

--
-- Table structure for table `usernotification`
--

CREATE TABLE IF NOT EXISTS `usernotification` (
  `id` int(3) unsigned zerofill NOT NULL,
  `typeform` text NOT NULL,
  `plant_id` int(3) unsigned zerofill NOT NULL,
  `desc` text NOT NULL
) ENGINE=InnoDB DEFAULT CHARSET=latin1;

--
-- Dumping data for table `usernotification`
--

INSERT INTO `usernotification` (`id`, `typeform`, `plant_id`, `desc`) VALUES
(021, '', 001, 'descripton'),
(021, 'FORM A', 001, 'description');

-- --------------------------------------------------------

--
-- Table structure for table `users`
--

CREATE TABLE IF NOT EXISTS `users` (
`id` int(11) NOT NULL,
  `name` varchar(255) NOT NULL,
  `email` varchar(255) NOT NULL,
  `password` varchar(255) NOT NULL,
  `role` int(11) NOT NULL
) ENGINE=MyISAM  DEFAULT CHARSET=utf8 AUTO_INCREMENT=2 ;

--
-- Dumping data for table `users`
--

INSERT INTO `users` (`id`, `name`, `email`, `password`, `role`) VALUES
(1, 'Admin', 'admin', '21232f297a57a5a743894a0e4a801fc3', 1);

-- --------------------------------------------------------

--
-- Table structure for table `water`
--

CREATE TABLE IF NOT EXISTS `water` (
`Water_Id` int(3) unsigned zerofill NOT NULL,
  `Farmer_name` varchar(100) NOT NULL,
  `Mobile_no` int(13) NOT NULL,
  `Village` varchar(100) NOT NULL,
  `Survey_no` int(20) NOT NULL,
  `Taluka` varchar(100) NOT NULL,
  `TestingDate` date NOT NULL,
  `CropName` varchar(100) NOT NULL,
  `SampleNo` varchar(50) NOT NULL,
  `PH` varchar(50) NOT NULL,
  `EC` varchar(50) NOT NULL,
  `NA` varchar(50) NOT NULL,
  `CA` varchar(50) NOT NULL,
  `SAR` varchar(50) NOT NULL,
  `ClassSAR` varchar(50) NOT NULL,
  `PPM` varchar(50) NOT NULL,
  `Co3` varchar(50) NOT NULL,
  `RSC` varchar(50) NOT NULL,
  `PHR` varchar(50) NOT NULL,
  `ECR` varchar(50) NOT NULL,
  `NAR` varchar(50) NOT NULL,
  `CAR` varchar(50) NOT NULL,
  `SARR` varchar(50) NOT NULL,
  `ClassR` varchar(50) NOT NULL,
  `PPMR` varchar(50) NOT NULL,
  `COR` varchar(50) NOT NULL,
  `RSCR` varchar(50) NOT NULL,
  `Opinion` varchar(100) NOT NULL,
  `status` int(1) NOT NULL,
  `Id` int(3) unsigned zerofill NOT NULL
) ENGINE=InnoDB  DEFAULT CHARSET=latin1 AUTO_INCREMENT=3 ;

--
-- Dumping data for table `water`
--

INSERT INTO `water` (`Water_Id`, `Farmer_name`, `Mobile_no`, `Village`, `Survey_no`, `Taluka`, `TestingDate`, `CropName`, `SampleNo`, `PH`, `EC`, `NA`, `CA`, `SAR`, `ClassSAR`, `PPM`, `Co3`, `RSC`, `PHR`, `ECR`, `NAR`, `CAR`, `SARR`, `ClassR`, `PPMR`, `COR`, `RSCR`, `Opinion`, `status`, `Id`) VALUES
(001, 'bhatki', 878665, 'gtgbyg', 0, 'tfgvtg', '0066-06-06', 'ttf', 'ftg', '555', '5', '5', '5', '5', '5', '5', '5', '5', '55', '5', '5', '5', '5', '5', '5', '5', '5', 'frfr ', 0, 001),
(002, 'abc', 7676, 'annb', 7, 'hyb', '0005-06-06', 'fr', '3', 'y', '7', '7', '5', '5', '5', '5', '5', '5', '7', '7', 'y', '5', '5', '5', '5', '5', '5', ' rfr', 0, 001);

-- --------------------------------------------------------

--
-- Table structure for table `webcam`
--

CREATE TABLE IF NOT EXISTS `webcam` (
`Id` int(3) unsigned zerofill NOT NULL,
  `image` varchar(200) NOT NULL
) ENGINE=InnoDB DEFAULT CHARSET=latin1 AUTO_INCREMENT=1 ;

--
-- Indexes for dumped tables
--

--
-- Indexes for table `admin_login`
--
ALTER TABLE `admin_login`
 ADD PRIMARY KEY (`id`);

--
-- Indexes for table `amount`
--
ALTER TABLE `amount`
 ADD PRIMARY KEY (`Amount_Id`), ADD KEY `Id` (`Id`);

--
-- Indexes for table `custlogin`
--
ALTER TABLE `custlogin`
 ADD PRIMARY KEY (`Id`), ADD UNIQUE KEY `prefix` (`Id`), ADD UNIQUE KEY `PhoneNo` (`PhoneNo`);

--
-- Indexes for table `images`
--
ALTER TABLE `images`
 ADD PRIMARY KEY (`Id`);

--
-- Indexes for table `plantcons`
--
ALTER TABLE `plantcons`
 ADD PRIMARY KEY (`Plant_Id`), ADD KEY `Id` (`Id`);

--
-- Indexes for table `plantcons2`
--
ALTER TABLE `plantcons2`
 ADD PRIMARY KEY (`Plant_Id`);

--
-- Indexes for table `snapshot`
--
ALTER TABLE `snapshot`
 ADD PRIMARY KEY (`Id`);

--
-- Indexes for table `soil`
--
ALTER TABLE `soil`
 ADD PRIMARY KEY (`Soil_Id`), ADD KEY `Id` (`Id`);

--
-- Indexes for table `try`
--
ALTER TABLE `try`
 ADD PRIMARY KEY (`Basic_Id`), ADD KEY `Id` (`Id`);

--
-- Indexes for table `uploading`
--
ALTER TABLE `uploading`
 ADD PRIMARY KEY (`img_id`), ADD KEY `Id` (`Id`);

--
-- Indexes for table `users`
--
ALTER TABLE `users`
 ADD PRIMARY KEY (`id`);

--
-- Indexes for table `water`
--
ALTER TABLE `water`
 ADD PRIMARY KEY (`Water_Id`), ADD KEY `Id` (`Id`);

--
-- Indexes for table `webcam`
--
ALTER TABLE `webcam`
 ADD PRIMARY KEY (`Id`);

--
-- AUTO_INCREMENT for dumped tables
--

--
-- AUTO_INCREMENT for table `admin_login`
--
ALTER TABLE `admin_login`
MODIFY `id` int(10) NOT NULL AUTO_INCREMENT,AUTO_INCREMENT=2;
--
-- AUTO_INCREMENT for table `amount`
--
ALTER TABLE `amount`
MODIFY `Amount_Id` int(3) unsigned zerofill NOT NULL AUTO_INCREMENT,AUTO_INCREMENT=19;
--
-- AUTO_INCREMENT for table `custlogin`
--
ALTER TABLE `custlogin`
MODIFY `Id` int(3) unsigned zerofill NOT NULL AUTO_INCREMENT,AUTO_INCREMENT=25;
--
-- AUTO_INCREMENT for table `images`
--
ALTER TABLE `images`
MODIFY `Id` int(3) unsigned zerofill NOT NULL AUTO_INCREMENT,AUTO_INCREMENT=9;
--
-- AUTO_INCREMENT for table `plantcons`
--
ALTER TABLE `plantcons`
MODIFY `Plant_Id` int(3) unsigned zerofill NOT NULL AUTO_INCREMENT,AUTO_INCREMENT=16;
--
-- AUTO_INCREMENT for table `plantcons2`
--
ALTER TABLE `plantcons2`
MODIFY `Plant_Id` int(3) unsigned zerofill NOT NULL AUTO_INCREMENT,AUTO_INCREMENT=3;
--
-- AUTO_INCREMENT for table `soil`
--
ALTER TABLE `soil`
MODIFY `Soil_Id` int(3) unsigned zerofill NOT NULL AUTO_INCREMENT,AUTO_INCREMENT=3;
--
-- AUTO_INCREMENT for table `try`
--
ALTER TABLE `try`
MODIFY `Basic_Id` int(3) unsigned zerofill NOT NULL AUTO_INCREMENT,AUTO_INCREMENT=4;
--
-- AUTO_INCREMENT for table `uploading`
--
ALTER TABLE `uploading`
MODIFY `img_id` int(3) unsigned zerofill NOT NULL AUTO_INCREMENT,AUTO_INCREMENT=15;
--
-- AUTO_INCREMENT for table `users`
--
ALTER TABLE `users`
MODIFY `id` int(11) NOT NULL AUTO_INCREMENT,AUTO_INCREMENT=2;
--
-- AUTO_INCREMENT for table `water`
--
ALTER TABLE `water`
MODIFY `Water_Id` int(3) unsigned zerofill NOT NULL AUTO_INCREMENT,AUTO_INCREMENT=3;
--
-- AUTO_INCREMENT for table `webcam`
--
ALTER TABLE `webcam`
MODIFY `Id` int(3) unsigned zerofill NOT NULL AUTO_INCREMENT;
--
-- Constraints for dumped tables
--

--
-- Constraints for table `amount`
--
ALTER TABLE `amount`
ADD CONSTRAINT `amount_ibfk_1` FOREIGN KEY (`Id`) REFERENCES `custlogin` (`Id`);

--
-- Constraints for table `soil`
--
ALTER TABLE `soil`
ADD CONSTRAINT `soil_ibfk_1` FOREIGN KEY (`Id`) REFERENCES `custlogin` (`Id`);

--
-- Constraints for table `try`
--
ALTER TABLE `try`
ADD CONSTRAINT `try_ibfk_1` FOREIGN KEY (`Id`) REFERENCES `custlogin` (`Id`);

--
-- Constraints for table `water`
--
ALTER TABLE `water`
ADD CONSTRAINT `water_ibfk_1` FOREIGN KEY (`Id`) REFERENCES `custlogin` (`Id`);

/*!40101 SET CHARACTER_SET_CLIENT=@OLD_CHARACTER_SET_CLIENT */;
/*!40101 SET CHARACTER_SET_RESULTS=@OLD_CHARACTER_SET_RESULTS */;
/*!40101 SET COLLATION_CONNECTION=@OLD_COLLATION_CONNECTION */;
